date_of_metrics,partner_region,partner_country,partner,Breakdown,visits,Breakdown_type
2023-11-12,EMEA,UK,EE,Website,3418573.50,"Website"
2023-11-12,EMEA,UK,EE,Apple,64686.44,"Brand"
2023-11-12,EMEA,UK,EE,Oppo,3924.56,"Brand"
2023-11-12,EMEA,UK,EE,Samsung,95529.47,"Brand"
2023-11-12,EMEA,UK,EE,Google,19037.97,"Brand"
2023-11-05,EMEA,UK,EE,"Samsung Galaxy S21 FE",638.54,"Model"
2023-11-05,EMEA,UK,EE,"Samsung Galaxy S22",7829.26,"Model"
2023-11-05,EMEA,UK,EE,"Samsung Galaxy S22 Ultra",2764.45,"Model"
2023-11-05,EMEA,UK,EE,"Google Pixel 7a",8336.45,"Model"
2023-11-05,EMEA,UK,EE,"Google Pixel 8",3740.77,"Model"
2023-11-05,EMEA,UK,EE,"Samsung Galaxy A54",8155.74,"Model"
2023-11-05,EMEA,UK,EE,"Apple iPhone 15",18278.94,"Model"
2023-11-05,EMEA,UK,EE,"Apple iPhone 13",7693.29,"Model"
2023-11-05,EMEA,UK,EE,"Google Pixel 8 Pro",7934.43,"Model"
2023-11-05,EMEA,UK,EE,"Apple iPhone SE 3rd Generation",961.73,"Model"
2023-11-05,EMEA,UK,EE,"Apple iPhone 15 Pro",20482.92,"Model"
2023-11-05,EMEA,UK,EE,"Apple iPhone 15 Plus",1521.52,"Model"
2023-11-05,EMEA,UK,EE,"Samsung Galaxy Z Flip5",8133.20,"Model"
2023-11-05,EMEA,UK,EE,"Samsung Galaxy Z Fold5",5704.85,"Model"
2023-11-05,EMEA,UK,EE,"Apple iPhone 12 Pro Max",603.34,"Model"
2023-11-05,EMEA,UK,EE,"Apple iPhone 14 Pro",4706.23,"Model"
2023-11-05,EMEA,UK,CPW,"Samsung Galaxy Z Flip5",6002.60,"Model"
2023-11-05,EMEA,UK,CPW,"Samsung Galaxy Z Fold5",1288.46,"Model"
2023-11-05,EMEA,UK,EE,"Apple iPhone 13 Mini",1974.80,"Model"
2023-11-05,EMEA,UK,EE,"Apple iPhone 14 Plus",1008.45,"Model"
2023-11-05,EMEA,UK,EE,"Apple iPhone 15 Pro Max",20169.44,"Model"
2023-11-05,EMEA,UK,EE,"Apple iPhone 14 Pro Max",2163.40,"Model"
2023-11-05,EMEA,UK,EE,"Apple iPhone 12 Mini",0.00,"Model"
2023-11-05,EMEA,UK,EE,"Samsung Galaxy A53",0.00,"Model"
2023-11-05,EMEA,UK,EE,"Samsung Galaxy Z Flip3",0.00,"Model"
2023-11-05,EMEA,UK,EE,Website,3325967.75,"Website"
2023-11-05,EMEA,UK,EE,Apple,71077.02,"Brand"
2023-11-05,EMEA,UK,EE,Oppo,1269.76,"Brand"
2023-11-05,EMEA,UK,EE,Samsung,83343.52,"Brand"
2023-11-05,EMEA,UK,EE,Google,24999.01,"Brand"
2023-10-29,EMEA,UK,EE,"Samsung Galaxy S22",7691.27,"Model"
2023-10-29,EMEA,UK,EE,"Google Pixel 7a",6906.44,"Model"
2023-10-29,EMEA,UK,EE,"Google Pixel 8",6478.73,"Model"
2023-10-29,EMEA,UK,EE,"Samsung Galaxy A54",1659.82,"Model"
2023-10-29,EMEA,UK,EE,"Apple iPhone 15",7315.39,"Model"
2023-10-29,EMEA,UK,EE,"Apple iPhone 13",5623.99,"Model"
2023-10-29,EMEA,UK,EE,"Google Pixel 8 Pro",6737.53,"Model"
2023-10-29,EMEA,UK,EE,"Apple iPhone SE 3rd Generation",619.78,"Model"
2023-10-29,EMEA,UK,EE,"Samsung Galaxy A53",305.29,"Model"
2023-10-29,EMEA,UK,EE,"Apple iPhone 15 Pro",29599.76,"Model"
2023-10-29,EMEA,UK,EE,"Apple iPhone 15 Plus",1263.93,"Model"
2023-10-29,EMEA,UK,EE,"Samsung Galaxy Z Flip5",8923.09,"Model"
2023-10-29,EMEA,UK,EE,"Samsung Galaxy Z Fold5",4017.62,"Model"
2023-10-29,EMEA,UK,EE,"Apple iPhone 12 Pro Max",275.43,"Model"
2023-10-29,EMEA,UK,EE,"Apple iPhone 14 Pro",2113.10,"Model"
2023-10-29,EMEA,UK,CPW,"Samsung Galaxy Z Flip5",4478.95,"Model"
2023-10-29,EMEA,UK,EE,"Apple iPhone 13 Mini",630.96,"Model"
2023-10-29,EMEA,UK,EE,"Apple iPhone 14 Plus",889.72,"Model"
2023-10-29,EMEA,UK,EE,"Apple iPhone 15 Pro Max",16082.39,"Model"
2023-10-29,EMEA,UK,EE,"Apple iPhone 14 Pro Max",1996.84,"Model"
2023-10-29,EMEA,UK,EE,"Samsung Galaxy S21 FE",0.00,"Model"
2023-10-29,EMEA,UK,EE,"Samsung Galaxy S22 Ultra",0.00,"Model"
2023-10-29,EMEA,UK,EE,"Apple iPhone 12 Mini",0.00,"Model"
2023-10-29,EMEA,UK,EE,"Samsung Galaxy S23",0.00,"Model"
2023-10-29,EMEA,UK,CPW,"Samsung Galaxy Z Fold5",0.00,"Model"
2023-10-29,EMEA,UK,EE,"Samsung Galaxy Z Flip3",0.00,"Model"
2023-10-29,EMEA,UK,EE,"Apple iPhone 13 Pro",0.00,"Model"
2023-10-29,EMEA,UK,EE,Website,3277054.50,"Website"
2023-10-29,EMEA,UK,EE,Apple,57436.96,"Brand"
2023-10-29,EMEA,UK,EE,Oppo,1801.29,"Brand"
2023-10-29,EMEA,UK,EE,Samsung,53744.07,"Brand"
2023-10-29,EMEA,UK,EE,Google,24098.72,"Brand"
2023-10-22,EMEA,UK,EE,"Samsung Galaxy S21 FE",521.57,"Model"
2023-10-22,EMEA,UK,EE,"Samsung Galaxy S22",12488.85,"Model"
2023-10-22,EMEA,UK,EE,"Google Pixel 7a",776.61,"Model"
2023-10-22,EMEA,UK,EE,"Google Pixel 8",8352.98,"Model"
2023-10-22,EMEA,UK,EE,"Samsung Galaxy A54",2329.57,"Model"
2023-10-22,EMEA,UK,EE,"Apple iPhone 15",10352.37,"Model"
2023-10-22,EMEA,UK,EE,"Apple iPhone 13",2293.57,"Model"
2023-10-22,EMEA,UK,EE,"Google Pixel 8 Pro",12689.18,"Model"
2023-10-22,EMEA,UK,EE,"Apple iPhone SE 3rd Generation",858.56,"Model"
2023-10-22,EMEA,UK,EE,"Apple iPhone 15 Pro",41487.67,"Model"
2023-10-22,EMEA,UK,EE,"Apple iPhone 15 Plus",3873.28,"Model"
2023-10-22,EMEA,UK,EE,"Samsung Galaxy Z Flip5",25500.29,"Model"
2023-10-22,EMEA,UK,EE,"Samsung Galaxy Z Fold5",10876.70,"Model"
2023-10-22,EMEA,UK,EE,"Apple iPhone 12 Pro Max",257.69,"Model"
2023-10-22,EMEA,UK,EE,"Apple iPhone 14 Pro",1968.47,"Model"
2023-10-22,EMEA,UK,CPW,"Samsung Galaxy Z Flip5",4503.80,"Model"
2023-10-22,EMEA,UK,CPW,"Samsung Galaxy Z Fold5",1605.14,"Model"
2023-10-22,EMEA,UK,EE,"Apple iPhone 13 Mini",602.44,"Model"
2023-10-22,EMEA,UK,EE,"Apple iPhone 14 Plus",1375.47,"Model"
2023-10-22,EMEA,UK,EE,"Apple iPhone 15 Pro Max",19499.64,"Model"
2023-10-22,EMEA,UK,EE,"Apple iPhone 14 Pro Max",4655.31,"Model"
2023-10-22,EMEA,UK,EE,"Samsung Galaxy S22 Ultra",0.00,"Model"
2023-10-22,EMEA,UK,EE,"Apple iPhone 12 Mini",0.00,"Model"
2023-10-22,EMEA,UK,EE,"Samsung Galaxy S23",0.00,"Model"
2023-10-22,EMEA,UK,EE,"Samsung Galaxy A53",0.00,"Model"
2023-10-22,EMEA,UK,EE,"Samsung Galaxy Z Flip3",0.00,"Model"
2023-10-22,EMEA,UK,EE,"Apple iPhone 13 Pro",0.00,"Model"
2023-10-22,EMEA,UK,EE,Website,3043843.50,"Website"
2023-10-22,EMEA,UK,EE,Apple,86516.95,"Brand"
2023-10-22,EMEA,UK,EE,Oppo,1424.83,"Brand"
2023-10-22,EMEA,UK,EE,Samsung,81538.88,"Brand"
2023-10-22,EMEA,UK,EE,Google,27898.46,"Brand"
2023-10-15,EMEA,UK,EE,"Samsung Galaxy S22",9284.92,"Model"
2023-10-15,EMEA,UK,EE,"Samsung Galaxy S22 Ultra",303.64,"Model"
2023-10-15,EMEA,UK,EE,"Google Pixel 7a",1814.59,"Model"
2023-10-15,EMEA,UK,EE,"Google Pixel 8",10635.89,"Model"
2023-10-15,EMEA,UK,EE,"Apple iPhone 12 Mini",289.69,"Model"
2023-10-15,EMEA,UK,EE,"Samsung Galaxy A54",1595.49,"Model"
2023-10-15,EMEA,UK,EE,"Apple iPhone 15",20180.94,"Model"
2023-10-15,EMEA,UK,EE,"Apple iPhone 13",4963.63,"Model"
2023-10-15,EMEA,UK,EE,"Google Pixel 8 Pro",22629.98,"Model"
2023-10-15,EMEA,UK,EE,"Apple iPhone 15 Pro",49686.28,"Model"
2023-10-15,EMEA,UK,EE,"Apple iPhone 15 Plus",5400.27,"Model"
2023-10-15,EMEA,UK,EE,"Samsung Galaxy Z Flip5",23193.55,"Model"
2023-10-15,EMEA,UK,EE,"Samsung Galaxy Z Fold5",6332.20,"Model"
2023-10-15,EMEA,UK,EE,"Apple iPhone 14 Pro",3988.21,"Model"
2023-10-15,EMEA,UK,CPW,"Samsung Galaxy Z Flip5",3348.24,"Model"
2023-10-15,EMEA,UK,CPW,"Samsung Galaxy Z Fold5",2426.55,"Model"
2023-10-15,EMEA,UK,EE,"Samsung Galaxy Z Flip3",303.66,"Model"
2023-10-15,EMEA,UK,EE,"Apple iPhone 13 Mini",854.35,"Model"
2023-10-15,EMEA,UK,EE,"Apple iPhone 14 Plus",824.86,"Model"
2023-10-15,EMEA,UK,EE,"Apple iPhone 15 Pro Max",35134.70,"Model"
2023-10-15,EMEA,UK,EE,"Apple iPhone 14 Pro Max",883.78,"Model"
2023-10-15,EMEA,UK,EE,"Samsung Galaxy S21 FE",0.00,"Model"
2023-10-15,EMEA,UK,EE,"Samsung Galaxy S23",0.00,"Model"
2023-10-15,EMEA,UK,EE,"Apple iPhone SE 3rd Generation",0.00,"Model"
2023-10-15,EMEA,UK,EE,"Samsung Galaxy A53",0.00,"Model"
2023-10-15,EMEA,UK,EE,"Apple iPhone 12 Pro Max",0.00,"Model"
2023-10-15,EMEA,UK,EE,"Apple iPhone 13 Pro",0.00,"Model"
2023-10-15,EMEA,UK,EE,Website,3240674.00,"Website"
2023-10-15,EMEA,UK,EE,Apple,106417.15,"Brand"
2023-10-15,EMEA,UK,EE,Oppo,1154.48,"Brand"
2023-10-15,EMEA,UK,EE,Samsung,62426.73,"Brand"
2023-10-15,EMEA,UK,EE,Google,35176.94,"Brand"
2023-10-15,EMEA,UK,EE,Oppo,0.00,"Brand"
2023-10-15,EMEA,UK,EE,Samsung,0.00,"Brand"
2023-10-15,EMEA,UK,EE,Google,0.00,"Brand"
2023-10-08,EMEA,UK,EE,"Samsung Galaxy S21 FE",1051.08,"Model"
2023-10-08,EMEA,UK,EE,"Samsung Galaxy S22",11853.40,"Model"
2023-10-08,EMEA,UK,EE,"Google Pixel 7a",1037.15,"Model"
2023-10-08,EMEA,UK,EE,"Google Pixel 8",7795.07,"Model"
2023-10-08,EMEA,UK,EE,"Samsung Galaxy S23",254.19,"Model"
2023-10-08,EMEA,UK,EE,"Samsung Galaxy A54",6476.39,"Model"
2023-10-08,EMEA,UK,EE,"Apple iPhone 15",16691.49,"Model"
2023-10-08,EMEA,UK,EE,"Apple iPhone 13",5828.72,"Model"
2023-10-08,EMEA,UK,EE,"Google Pixel 8 Pro",51243.94,"Model"
2023-10-08,EMEA,UK,EE,"Apple iPhone SE 3rd Generation",1143.24,"Model"
2023-10-08,EMEA,UK,EE,"Apple iPhone 15 Pro",59996.81,"Model"
2023-10-08,EMEA,UK,EE,"Apple iPhone 15 Plus",2032.75,"Model"
2023-10-08,EMEA,UK,EE,"Samsung Galaxy Z Flip5",21892.94,"Model"
2023-10-08,EMEA,UK,EE,"Samsung Galaxy Z Fold5",9763.18,"Model"
2023-10-08,EMEA,UK,EE,"Apple iPhone 14 Pro",4414.01,"Model"
2023-10-08,EMEA,UK,CPW,"Samsung Galaxy Z Flip5",5592.42,"Model"
2023-10-08,EMEA,UK,CPW,"Samsung Galaxy Z Fold5",1236.76,"Model"
2023-10-08,EMEA,UK,EE,"Apple iPhone 13 Mini",1693.91,"Model"
2023-10-08,EMEA,UK,EE,"Apple iPhone 13 Pro",280.94,"Model"
2023-10-08,EMEA,UK,EE,"Apple iPhone 14 Plus",1073.36,"Model"
2023-10-08,EMEA,UK,EE,"Apple iPhone 15 Pro Max",31528.25,"Model"
2023-10-08,EMEA,UK,EE,"Apple iPhone 14 Pro Max",4254.32,"Model"
2023-10-08,EMEA,UK,EE,"Samsung Galaxy S22 Ultra",0.00,"Model"
2023-10-08,EMEA,UK,EE,"Apple iPhone 12 Mini",0.00,"Model"
2023-10-08,EMEA,UK,EE,"Samsung Galaxy A53",0.00,"Model"
2023-10-08,EMEA,UK,EE,"Apple iPhone 12 Pro Max",0.00,"Model"
2023-10-08,EMEA,UK,EE,"Samsung Galaxy Z Flip3",0.00,"Model"
2023-10-08,EMEA,UK,EE,Website,3091089.25,"Website"
2023-10-08,EMEA,UK,EE,Apple,117138.08,"Brand"
2023-10-08,EMEA,UK,EE,Oppo,1849.39,"Brand"
2023-10-08,EMEA,UK,EE,Samsung,73687.57,"Brand"
2023-10-08,EMEA,UK,EE,Google,59978.12,"Brand"
2023-10-08,EMEA,UK,EE,Apple,0.00,"Brand"
2023-10-08,EMEA,UK,EE,Oppo,0.00,"Brand"
2023-10-08,EMEA,UK,EE,Samsung,0.00,"Brand"
2023-10-08,EMEA,UK,EE,Google,0.00,"Brand"
2023-10-01,EMEA,UK,EE,"Google Pixel 8",0.00,"Model"
2023-10-01,EMEA,UK,EE,"Apple iPhone 15",0.00,"Model"
2023-10-01,EMEA,UK,EE,"Google Pixel 8 Pro",0.00,"Model"
2023-10-01,EMEA,UK,EE,"Apple iPhone 15 Pro",0.00,"Model"
2023-10-01,EMEA,UK,EE,"Apple iPhone 15 Plus",0.00,"Model"
2023-10-01,EMEA,UK,EE,"Samsung Galaxy Z Flip5",0.00,"Model"
2023-10-01,EMEA,UK,EE,"Samsung Galaxy Z Fold5",0.00,"Model"
2023-10-01,EMEA,UK,CPW,"Samsung Galaxy Z Flip5",0.00,"Model"
2023-10-01,EMEA,UK,CPW,"Samsung Galaxy Z Fold5",0.00,"Model"
2023-10-01,EMEA,UK,EE,"Apple iPhone 15 Pro Max",0.00,"Model"
2023-10-01,EMEA,UK,EE,Apple,126217.80,"Brand"
2023-10-01,EMEA,UK,EE,Oppo,1075.51,"Brand"
2023-10-01,EMEA,UK,EE,Samsung,91082.75,"Brand"
2023-10-01,EMEA,UK,EE,Google,69172.48,"Brand"
2023-10-01,EMEA,UK,EE,Apple,0.00,"Brand"
2023-10-01,EMEA,UK,EE,Oppo,0.00,"Brand"
2023-10-01,EMEA,UK,EE,Samsung,0.00,"Brand"
2023-10-01,EMEA,UK,EE,Google,0.00,"Brand"
2023-09-24,EMEA,UK,EE,"Google Pixel 8",0.00,"Model"
2023-09-24,EMEA,UK,EE,"Apple iPhone 15",0.00,"Model"
2023-09-24,EMEA,UK,EE,"Google Pixel 8 Pro",0.00,"Model"
2023-09-24,EMEA,UK,EE,"Apple iPhone 15 Pro",0.00,"Model"
2023-09-24,EMEA,UK,EE,"Apple iPhone 15 Plus",0.00,"Model"
2023-09-24,EMEA,UK,EE,"Samsung Galaxy Z Flip5",0.00,"Model"
2023-09-24,EMEA,UK,EE,"Samsung Galaxy Z Fold5",0.00,"Model"
2023-09-24,EMEA,UK,CPW,"Samsung Galaxy Z Flip5",0.00,"Model"
2023-09-24,EMEA,UK,CPW,"Samsung Galaxy Z Fold5",0.00,"Model"
2023-09-24,EMEA,UK,EE,"Apple iPhone 15 Pro Max",0.00,"Model"
2023-09-24,EMEA,UK,EE,Apple,161980.19,"Brand"
2023-09-24,EMEA,UK,EE,Oppo,1978.80,"Brand"
2023-09-24,EMEA,UK,EE,Samsung,113580.73,"Brand"
2023-09-24,EMEA,UK,EE,Google,13874.13,"Brand"
2023-09-24,EMEA,UK,EE,Apple,0.00,"Brand"
2023-09-24,EMEA,UK,EE,Oppo,0.00,"Brand"
2023-09-24,EMEA,UK,EE,Samsung,0.00,"Brand"
2023-09-24,EMEA,UK,EE,Google,0.00,"Brand"
2023-09-17,EMEA,UK,EE,"Google Pixel 8",0.00,"Model"
2023-09-17,EMEA,UK,EE,"Apple iPhone 15",0.00,"Model"
2023-09-17,EMEA,UK,EE,"Google Pixel 8 Pro",0.00,"Model"
2023-09-17,EMEA,UK,EE,"Apple iPhone 15 Pro",0.00,"Model"
2023-09-17,EMEA,UK,EE,"Apple iPhone 15 Plus",0.00,"Model"
2023-09-17,EMEA,UK,EE,"Samsung Galaxy Z Flip5",0.00,"Model"
2023-09-17,EMEA,UK,EE,"Samsung Galaxy Z Fold5",0.00,"Model"
2023-09-17,EMEA,UK,CPW,"Samsung Galaxy Z Flip5",0.00,"Model"
2023-09-17,EMEA,UK,CPW,"Samsung Galaxy Z Fold5",0.00,"Model"
2023-09-17,EMEA,UK,EE,"Apple iPhone 15 Pro Max",0.00,"Model"
2023-09-17,EMEA,UK,EE,Apple,237761.50,"Brand"
2023-09-17,EMEA,UK,EE,Oppo,4784.14,"Brand"
2023-09-17,EMEA,UK,EE,Samsung,111283.51,"Brand"
2023-09-17,EMEA,UK,EE,Google,22957.23,"Brand"
2023-09-17,EMEA,UK,EE,Apple,0.00,"Brand"
2023-09-17,EMEA,UK,EE,Oppo,0.00,"Brand"
2023-09-17,EMEA,UK,EE,Samsung,0.00,"Brand"
2023-09-17,EMEA,UK,EE,Google,0.00,"Brand"
2023-09-10,EMEA,UK,EE,"Google Pixel 8",0.00,"Model"
2023-09-10,EMEA,UK,EE,"Apple iPhone 15",0.00,"Model"
2023-09-10,EMEA,UK,EE,"Google Pixel 8 Pro",0.00,"Model"
2023-09-10,EMEA,UK,EE,"Apple iPhone 15 Pro",0.00,"Model"
2023-09-10,EMEA,UK,EE,"Apple iPhone 15 Plus",0.00,"Model"
2023-09-10,EMEA,UK,EE,"Samsung Galaxy Z Flip5",0.00,"Model"
2023-09-10,EMEA,UK,EE,"Samsung Galaxy Z Fold5",0.00,"Model"
2023-09-10,EMEA,UK,CPW,"Samsung Galaxy Z Flip5",0.00,"Model"
2023-09-10,EMEA,UK,CPW,"Samsung Galaxy Z Fold5",0.00,"Model"
2023-09-10,EMEA,UK,EE,"Apple iPhone 15 Pro Max",0.00,"Model"
2023-09-10,EMEA,UK,EE,Apple,184164.86,"Brand"
2023-09-10,EMEA,UK,EE,Oppo,4675.77,"Brand"
2023-09-10,EMEA,UK,EE,Samsung,149166.17,"Brand"
2023-09-10,EMEA,UK,EE,Google,37662.07,"Brand"
2023-09-10,EMEA,UK,EE,Apple,0.00,"Brand"
2023-09-10,EMEA,UK,EE,Oppo,0.00,"Brand"
2023-09-10,EMEA,UK,EE,Samsung,0.00,"Brand"
2023-09-10,EMEA,UK,EE,Google,0.00,"Brand"
2023-09-03,EMEA,UK,EE,"Apple iPhone 15",0.00,"Model"
2023-09-03,EMEA,UK,EE,"Apple iPhone 15 Pro",0.00,"Model"
2023-09-03,EMEA,UK,EE,"Apple iPhone 15 Plus",0.00,"Model"
2023-09-03,EMEA,UK,EE,"Samsung Galaxy Z Flip5",0.00,"Model"
2023-09-03,EMEA,UK,EE,"Samsung Galaxy Z Fold5",0.00,"Model"
2023-09-03,EMEA,UK,CPW,"Samsung Galaxy Z Flip5",0.00,"Model"
2023-09-03,EMEA,UK,CPW,"Samsung Galaxy Z Fold5",0.00,"Model"
2023-09-03,EMEA,UK,EE,"Apple iPhone 15 Pro Max",0.00,"Model"
2023-09-03,EMEA,UK,EE,Apple,52755.53,"Brand"
2023-09-03,EMEA,UK,EE,Oppo,4617.33,"Brand"
2023-09-03,EMEA,UK,EE,Samsung,134895.83,"Brand"
2023-09-03,EMEA,UK,EE,Google,42268.85,"Brand"
2023-09-03,EMEA,UK,EE,Apple,0.00,"Brand"
2023-09-03,EMEA,UK,EE,Oppo,0.00,"Brand"
2023-09-03,EMEA,UK,EE,Samsung,0.00,"Brand"
2023-09-03,EMEA,UK,EE,Google,0.00,"Brand"
2023-08-27,EMEA,UK,EE,"Apple iPhone 15",0.00,"Model"
2023-08-27,EMEA,UK,EE,"Apple iPhone 15 Pro",0.00,"Model"
2023-08-27,EMEA,UK,EE,"Apple iPhone 15 Plus",0.00,"Model"
2023-08-27,EMEA,UK,EE,"Samsung Galaxy Z Flip5",0.00,"Model"
2023-08-27,EMEA,UK,EE,"Samsung Galaxy Z Fold5",0.00,"Model"
2023-08-27,EMEA,UK,CPW,"Samsung Galaxy Z Flip5",0.00,"Model"
2023-08-27,EMEA,UK,CPW,"Samsung Galaxy Z Fold5",0.00,"Model"
2023-08-27,EMEA,UK,EE,"Apple iPhone 15 Pro Max",0.00,"Model"
2023-08-27,EMEA,UK,EE,Apple,39387.04,"Brand"
2023-08-27,EMEA,UK,EE,Oppo,3487.49,"Brand"
2023-08-27,EMEA,UK,EE,Samsung,86992.86,"Brand"
2023-08-27,EMEA,UK,EE,Google,23420.80,"Brand"
2023-08-27,EMEA,UK,EE,Apple,0.00,"Brand"
2023-08-27,EMEA,UK,EE,Oppo,0.00,"Brand"
2023-08-27,EMEA,UK,EE,Samsung,0.00,"Brand"
2023-08-27,EMEA,UK,EE,Google,0.00,"Brand"
2023-08-20,EMEA,UK,EE,"Samsung Galaxy Z Flip5",0.00,"Model"
2023-08-20,EMEA,UK,EE,"Samsung Galaxy Z Fold5",0.00,"Model"
2023-08-20,EMEA,UK,CPW,"Samsung Galaxy Z Flip5",0.00,"Model"
2023-08-20,EMEA,UK,CPW,"Samsung Galaxy Z Fold5",0.00,"Model"
2023-08-20,EMEA,UK,EE,Apple,38710.82,"Brand"
2023-08-20,EMEA,UK,EE,Oppo,3413.66,"Brand"
2023-08-20,EMEA,UK,EE,Samsung,82486.55,"Brand"
2023-08-20,EMEA,UK,EE,Google,34299.50,"Brand"
2023-08-20,EMEA,UK,EE,Apple,0.00,"Brand"
2023-08-20,EMEA,UK,EE,Oppo,0.00,"Brand"
2023-08-20,EMEA,UK,EE,Samsung,0.00,"Brand"
2023-08-20,EMEA,UK,EE,Google,0.00,"Brand"
2023-08-13,EMEA,UK,EE,"Samsung Galaxy Z Flip5",0.00,"Model"
2023-08-13,EMEA,UK,EE,"Samsung Galaxy Z Fold5",0.00,"Model"
2023-08-13,EMEA,UK,CPW,"Samsung Galaxy Z Flip5",0.00,"Model"
2023-08-13,EMEA,UK,CPW,"Samsung Galaxy Z Fold5",0.00,"Model"
2023-08-13,EMEA,UK,EE,Apple,33266.90,"Brand"
2023-08-13,EMEA,UK,EE,Oppo,1720.89,"Brand"
2023-08-13,EMEA,UK,EE,Samsung,86179.76,"Brand"
2023-08-13,EMEA,UK,EE,Google,19731.71,"Brand"
2023-08-13,EMEA,UK,EE,Apple,0.00,"Brand"
2023-08-13,EMEA,UK,EE,Oppo,0.00,"Brand"
2023-08-13,EMEA,UK,EE,Samsung,0.00,"Brand"
2023-08-13,EMEA,UK,EE,Google,0.00,"Brand"
2023-08-06,EMEA,UK,EE,"Samsung Galaxy Z Flip5",0.00,"Model"
2023-08-06,EMEA,UK,EE,"Samsung Galaxy Z Fold5",0.00,"Model"
2023-08-06,EMEA,UK,CPW,"Samsung Galaxy Z Flip5",0.00,"Model"
2023-08-06,EMEA,UK,CPW,"Samsung Galaxy Z Fold5",0.00,"Model"
2023-08-06,EMEA,UK,EE,Apple,36442.14,"Brand"
2023-08-06,EMEA,UK,EE,Oppo,4749.77,"Brand"
2023-08-06,EMEA,UK,EE,Samsung,107991.39,"Brand"
2023-08-06,EMEA,UK,EE,Google,15050.90,"Brand"
2023-08-06,EMEA,UK,EE,Apple,0.00,"Brand"
2023-08-06,EMEA,UK,EE,Oppo,0.00,"Brand"
2023-08-06,EMEA,UK,EE,Samsung,0.00,"Brand"
2023-08-06,EMEA,UK,EE,Google,0.00,"Brand"
2023-07-30,EMEA,UK,EE,"Samsung Galaxy Z Flip5",0.00,"Model"
2023-07-30,EMEA,UK,EE,"Samsung Galaxy Z Fold5",0.00,"Model"
2023-07-30,EMEA,UK,CPW,"Samsung Galaxy Z Flip5",0.00,"Model"
2023-07-30,EMEA,UK,CPW,"Samsung Galaxy Z Fold5",0.00,"Model"
2023-07-30,EMEA,UK,EE,Apple,44951.81,"Brand"
2023-07-30,EMEA,UK,EE,Oppo,1887.26,"Brand"
2023-07-30,EMEA,UK,EE,Samsung,110692.14,"Brand"
2023-07-30,EMEA,UK,EE,Google,16978.95,"Brand"
2023-07-30,EMEA,UK,EE,Apple,0.00,"Brand"
2023-07-30,EMEA,UK,EE,Oppo,0.00,"Brand"
2023-07-30,EMEA,UK,EE,Samsung,0.00,"Brand"
2023-07-30,EMEA,UK,EE,Google,0.00,"Brand"
2023-07-23,EMEA,UK,EE,"Samsung Galaxy Z Flip5",0.00,"Model"
2023-07-23,EMEA,UK,EE,"Samsung Galaxy Z Fold5",0.00,"Model"
2023-07-23,EMEA,UK,CPW,"Samsung Galaxy Z Flip5",0.00,"Model"
2023-07-23,EMEA,UK,CPW,"Samsung Galaxy Z Fold5",0.00,"Model"
2023-07-23,EMEA,UK,EE,Apple,43811.06,"Brand"
2023-07-23,EMEA,UK,EE,Oppo,2637.95,"Brand"
2023-07-23,EMEA,UK,EE,Samsung,129084.80,"Brand"
2023-07-23,EMEA,UK,EE,Google,28920.14,"Brand"
2023-07-23,EMEA,UK,EE,Apple,0.00,"Brand"
2023-07-23,EMEA,UK,EE,Oppo,0.00,"Brand"
2023-07-23,EMEA,UK,EE,Samsung,0.00,"Brand"
2023-07-23,EMEA,UK,EE,Google,0.00,"Brand"
2023-07-16,EMEA,UK,EE,"Samsung Galaxy Z Flip5",0.00,"Model"
2023-07-16,EMEA,UK,EE,"Samsung Galaxy Z Fold5",0.00,"Model"
2023-07-16,EMEA,UK,CPW,"Samsung Galaxy Z Flip5",0.00,"Model"
2023-07-16,EMEA,UK,CPW,"Samsung Galaxy Z Fold5",0.00,"Model"
2023-07-16,EMEA,UK,EE,Apple,42195.66,"Brand"
2023-07-16,EMEA,UK,EE,Oppo,3475.94,"Brand"
2023-07-16,EMEA,UK,EE,Samsung,88048.76,"Brand"
2023-07-16,EMEA,UK,EE,Google,22908.98,"Brand"
2023-07-16,EMEA,UK,EE,Apple,0.00,"Brand"
2023-07-16,EMEA,UK,EE,Oppo,0.00,"Brand"
2023-07-16,EMEA,UK,EE,Samsung,0.00,"Brand"
2023-07-16,EMEA,UK,EE,Google,0.00,"Brand"
2023-07-09,EMEA,UK,EE,"Samsung Galaxy Z Flip5",0.00,"Model"
2023-07-09,EMEA,UK,EE,"Samsung Galaxy Z Fold5",0.00,"Model"
2023-07-09,EMEA,UK,CPW,"Samsung Galaxy Z Flip5",0.00,"Model"
2023-07-09,EMEA,UK,CPW,"Samsung Galaxy Z Fold5",0.00,"Model"
2023-07-09,EMEA,UK,EE,Apple,49261.83,"Brand"
2023-07-09,EMEA,UK,EE,Oppo,6991.96,"Brand"
2023-07-09,EMEA,UK,EE,Samsung,84778.34,"Brand"
2023-07-09,EMEA,UK,EE,Google,19296.56,"Brand"
2023-07-09,EMEA,UK,EE,Apple,0.00,"Brand"
2023-07-09,EMEA,UK,EE,Oppo,0.00,"Brand"
2023-07-09,EMEA,UK,EE,Samsung,0.00,"Brand"
2023-07-09,EMEA,UK,EE,Google,0.00,"Brand"
2023-07-02,EMEA,UK,EE,Apple,53063.14,"Brand"
2023-07-02,EMEA,UK,EE,Oppo,4727.14,"Brand"
2023-07-02,EMEA,UK,EE,Samsung,71450.73,"Brand"
2023-07-02,EMEA,UK,EE,Google,27211.97,"Brand"
2023-07-02,EMEA,UK,EE,Apple,0.00,"Brand"
2023-07-02,EMEA,UK,EE,Oppo,0.00,"Brand"
2023-07-02,EMEA,UK,EE,Samsung,0.00,"Brand"
2023-07-02,EMEA,UK,EE,Google,0.00,"Brand"
2023-06-25,EMEA,UK,EE,"Google Pixel 7a",0.00,"Model"
2023-06-25,EMEA,UK,EE,"Samsung Galaxy A54",0.00,"Model"
2023-06-25,EMEA,UK,EE,Apple,42198.16,"Brand"
2023-06-25,EMEA,UK,EE,Oppo,6067.18,"Brand"
2023-06-25,EMEA,UK,EE,Samsung,98832.09,"Brand"
2023-06-25,EMEA,UK,EE,Google,16041.12,"Brand"
2023-06-25,EMEA,UK,EE,Apple,0.00,"Brand"
2023-06-25,EMEA,UK,EE,Oppo,0.00,"Brand"
2023-06-25,EMEA,UK,EE,Samsung,0.00,"Brand"
2023-06-25,EMEA,UK,EE,Google,0.00,"Brand"
2023-06-18,EMEA,UK,EE,"Google Pixel 7a",0.00,"Model"
2023-06-18,EMEA,UK,EE,"Samsung Galaxy A54",0.00,"Model"
2023-06-18,EMEA,UK,EE,Apple,43961.09,"Brand"
2023-06-18,EMEA,UK,EE,Oppo,2916.43,"Brand"
2023-06-18,EMEA,UK,EE,Samsung,74680.41,"Brand"
2023-06-18,EMEA,UK,EE,Google,27558.33,"Brand"
2023-06-18,EMEA,UK,EE,Apple,0.00,"Brand"
2023-06-18,EMEA,UK,EE,Oppo,0.00,"Brand"
2023-06-18,EMEA,UK,EE,Samsung,0.00,"Brand"
2023-06-18,EMEA,UK,EE,Google,0.00,"Brand"
2023-06-11,EMEA,UK,EE,"Google Pixel 7a",0.00,"Model"
2023-06-11,EMEA,UK,EE,"Samsung Galaxy A54",0.00,"Model"
2023-06-11,EMEA,UK,EE,Apple,50263.49,"Brand"
2023-06-11,EMEA,UK,EE,Oppo,5491.03,"Brand"
2023-06-11,EMEA,UK,EE,Samsung,92673.97,"Brand"
2023-06-11,EMEA,UK,EE,Google,27130.33,"Brand"
2023-06-11,EMEA,UK,EE,Apple,0.00,"Brand"
2023-06-11,EMEA,UK,EE,Oppo,0.00,"Brand"
2023-06-11,EMEA,UK,EE,Samsung,0.00,"Brand"
2023-06-11,EMEA,UK,EE,Google,0.00,"Brand"
2023-06-04,EMEA,UK,EE,"Google Pixel 7a",0.00,"Model"
2023-06-04,EMEA,UK,EE,"Samsung Galaxy A54",0.00,"Model"
2023-06-04,EMEA,UK,EE,Apple,60962.74,"Brand"
2023-06-04,EMEA,UK,EE,Oppo,8397.38,"Brand"
2023-06-04,EMEA,UK,EE,Samsung,90573.59,"Brand"
2023-06-04,EMEA,UK,EE,Google,21088.87,"Brand"
2023-06-04,EMEA,UK,EE,Apple,0.00,"Brand"
2023-06-04,EMEA,UK,EE,Oppo,0.00,"Brand"
2023-06-04,EMEA,UK,EE,Samsung,0.00,"Brand"
2023-06-04,EMEA,UK,EE,Google,0.00,"Brand"
2023-05-28,EMEA,UK,EE,"Google Pixel 7a",0.00,"Model"
2023-05-28,EMEA,UK,EE,"Samsung Galaxy A54",0.00,"Model"
2023-05-28,EMEA,UK,EE,Apple,56954.81,"Brand"
2023-05-28,EMEA,UK,EE,Oppo,7795.05,"Brand"
2023-05-28,EMEA,UK,EE,Samsung,81305.20,"Brand"
2023-05-28,EMEA,UK,EE,Google,33132.17,"Brand"
2023-05-28,EMEA,UK,EE,Apple,0.00,"Brand"
2023-05-28,EMEA,UK,EE,Oppo,0.00,"Brand"
2023-05-28,EMEA,UK,EE,Samsung,0.00,"Brand"
2023-05-28,EMEA,UK,EE,Google,0.00,"Brand"
2023-05-21,EMEA,UK,EE,"Google Pixel 7a",0.00,"Model"
2023-05-21,EMEA,UK,EE,"Samsung Galaxy A54",0.00,"Model"
2023-05-21,EMEA,UK,EE,Apple,55915.42,"Brand"
2023-05-21,EMEA,UK,EE,Oppo,5424.40,"Brand"
2023-05-21,EMEA,UK,EE,Samsung,62116.20,"Brand"
2023-05-21,EMEA,UK,EE,Google,21754.97,"Brand"
2023-05-21,EMEA,UK,EE,Apple,0.00,"Brand"
2023-05-21,EMEA,UK,EE,Oppo,0.00,"Brand"
2023-05-21,EMEA,UK,EE,Samsung,0.00,"Brand"
2023-05-21,EMEA,UK,EE,Google,0.00,"Brand"
2023-05-14,EMEA,UK,EE,"Google Pixel 7a",0.00,"Model"
2023-05-14,EMEA,UK,EE,"Samsung Galaxy A54",0.00,"Model"
2023-05-14,EMEA,UK,EE,Apple,47370.51,"Brand"
2023-05-14,EMEA,UK,EE,Oppo,3010.83,"Brand"
2023-05-14,EMEA,UK,EE,Samsung,87808.09,"Brand"
2023-05-14,EMEA,UK,EE,Google,12311.74,"Brand"
2023-05-14,EMEA,UK,EE,Apple,0.00,"Brand"
2023-05-14,EMEA,UK,EE,Oppo,0.00,"Brand"
2023-05-14,EMEA,UK,EE,Samsung,0.00,"Brand"
2023-05-14,EMEA,UK,EE,Google,0.00,"Brand"
2023-05-07,EMEA,UK,EE,Apple,47602.63,"Brand"
2023-05-07,EMEA,UK,EE,Oppo,2667.81,"Brand"
2023-05-07,EMEA,UK,EE,Samsung,83394.89,"Brand"
2023-05-07,EMEA,UK,EE,Google,0.00,"Brand"
2023-05-07,EMEA,UK,EE,Apple,0.00,"Brand"
2023-05-07,EMEA,UK,EE,Oppo,0.00,"Brand"
2023-05-07,EMEA,UK,EE,Samsung,0.00,"Brand"
2023-05-07,EMEA,UK,EE,Google,0.00,"Brand"
2023-04-30,EMEA,UK,EE,Apple,40927.96,"Brand"
2023-04-30,EMEA,UK,EE,Oppo,5049.28,"Brand"
2023-04-30,EMEA,UK,EE,Samsung,65478.94,"Brand"
2023-04-30,EMEA,UK,EE,Google,0.00,"Brand"
2023-04-30,EMEA,UK,EE,Apple,0.00,"Brand"
2023-04-30,EMEA,UK,EE,Oppo,0.00,"Brand"
2023-04-30,EMEA,UK,EE,Samsung,0.00,"Brand"
2023-04-30,EMEA,UK,EE,Google,0.00,"Brand"
2023-04-23,EMEA,UK,EE,Apple,58106.46,"Brand"
2023-04-23,EMEA,UK,EE,Oppo,3198.16,"Brand"
2023-04-23,EMEA,UK,EE,Samsung,55377.34,"Brand"
2023-04-23,EMEA,UK,EE,Google,0.00,"Brand"
2023-04-23,EMEA,UK,EE,Apple,0.00,"Brand"
2023-04-23,EMEA,UK,EE,Oppo,0.00,"Brand"
2023-04-23,EMEA,UK,EE,Samsung,0.00,"Brand"
2023-04-23,EMEA,UK,EE,Google,0.00,"Brand"
2023-04-16,EMEA,UK,EE,Apple,51330.65,"Brand"
2023-04-16,EMEA,UK,EE,Oppo,8415.83,"Brand"
2023-04-16,EMEA,UK,EE,Samsung,61283.57,"Brand"
2023-04-16,EMEA,UK,EE,Google,0.00,"Brand"
2023-04-16,EMEA,UK,EE,Apple,0.00,"Brand"
2023-04-16,EMEA,UK,EE,Oppo,0.00,"Brand"
2023-04-16,EMEA,UK,EE,Samsung,0.00,"Brand"
2023-04-16,EMEA,UK,EE,Google,0.00,"Brand"
2023-04-09,EMEA,UK,EE,Apple,49288.31,"Brand"
2023-04-09,EMEA,UK,EE,Oppo,7907.16,"Brand"
2023-04-09,EMEA,UK,EE,Samsung,65290.63,"Brand"
2023-04-09,EMEA,UK,EE,Google,0.00,"Brand"
2023-04-09,EMEA,UK,EE,Apple,0.00,"Brand"
2023-04-09,EMEA,UK,EE,Oppo,0.00,"Brand"
2023-04-09,EMEA,UK,EE,Samsung,0.00,"Brand"
2023-04-09,EMEA,UK,EE,Google,0.00,"Brand"
2023-04-02,EMEA,UK,EE,Apple,45065.88,"Brand"
2023-04-02,EMEA,UK,EE,Oppo,3052.73,"Brand"
2023-04-02,EMEA,UK,EE,Samsung,58596.75,"Brand"
2023-04-02,EMEA,UK,EE,Google,0.00,"Brand"
2023-04-02,EMEA,UK,EE,Apple,0.00,"Brand"
2023-04-02,EMEA,UK,EE,Oppo,0.00,"Brand"
2023-04-02,EMEA,UK,EE,Samsung,0.00,"Brand"
2023-04-02,EMEA,UK,EE,Google,0.00,"Brand"
2023-03-26,EMEA,UK,EE,Apple,51460.05,"Brand"
2023-03-26,EMEA,UK,EE,Oppo,6164.41,"Brand"
2023-03-26,EMEA,UK,EE,Samsung,59381.98,"Brand"
2023-03-26,EMEA,UK,EE,Google,0.00,"Brand"
2023-03-26,EMEA,UK,EE,Apple,0.00,"Brand"
2023-03-26,EMEA,UK,EE,Oppo,0.00,"Brand"
2023-03-26,EMEA,UK,EE,Samsung,0.00,"Brand"
2023-03-26,EMEA,UK,EE,Google,0.00,"Brand"
2023-03-19,EMEA,UK,EE,Apple,67099.77,"Brand"
2023-03-19,EMEA,UK,EE,Oppo,12143.40,"Brand"
2023-03-19,EMEA,UK,EE,Samsung,77387.30,"Brand"
2023-03-19,EMEA,UK,EE,Google,0.00,"Brand"
2023-03-19,EMEA,UK,EE,Apple,0.00,"Brand"
2023-03-19,EMEA,UK,EE,Oppo,0.00,"Brand"
2023-03-19,EMEA,UK,EE,Samsung,0.00,"Brand"
2023-03-19,EMEA,UK,EE,Google,0.00,"Brand"
2023-03-12,EMEA,UK,EE,Apple,36669.70,"Brand"
2023-03-12,EMEA,UK,EE,Oppo,7574.36,"Brand"
2023-03-12,EMEA,UK,EE,Samsung,76478.44,"Brand"
2023-03-12,EMEA,UK,EE,Google,0.00,"Brand"
2023-03-12,EMEA,UK,EE,Apple,0.00,"Brand"
2023-03-12,EMEA,UK,EE,Oppo,0.00,"Brand"
2023-03-12,EMEA,UK,EE,Samsung,0.00,"Brand"
2023-03-12,EMEA,UK,EE,Google,0.00,"Brand"
2023-03-05,EMEA,UK,EE,Apple,42214.41,"Brand"
2023-03-05,EMEA,UK,EE,Oppo,15104.67,"Brand"
2023-03-05,EMEA,UK,EE,Samsung,76151.41,"Brand"
2023-03-05,EMEA,UK,EE,Google,0.00,"Brand"
2023-03-05,EMEA,UK,EE,Apple,0.00,"Brand"
2023-03-05,EMEA,UK,EE,Oppo,0.00,"Brand"
2023-03-05,EMEA,UK,EE,Samsung,0.00,"Brand"
2023-03-05,EMEA,UK,EE,Google,0.00,"Brand"
2023-02-26,EMEA,UK,EE,Apple,33239.70,"Brand"
2023-02-26,EMEA,UK,EE,Oppo,16691.40,"Brand"
2023-02-26,EMEA,UK,EE,Samsung,106409.99,"Brand"
2023-02-26,EMEA,UK,EE,Google,0.00,"Brand"
2023-02-26,EMEA,UK,EE,Apple,0.00,"Brand"
2023-02-26,EMEA,UK,EE,Oppo,0.00,"Brand"
2023-02-26,EMEA,UK,EE,Samsung,0.00,"Brand"
2023-02-26,EMEA,UK,EE,Google,0.00,"Brand"
2023-02-19,EMEA,UK,EE,Apple,45156.11,"Brand"
2023-02-19,EMEA,UK,EE,Oppo,17273.70,"Brand"
2023-02-19,EMEA,UK,EE,Samsung,113182.26,"Brand"
2023-02-19,EMEA,UK,EE,Google,0.00,"Brand"
2023-02-19,EMEA,UK,EE,Apple,0.00,"Brand"
2023-02-19,EMEA,UK,EE,Oppo,0.00,"Brand"
2023-02-19,EMEA,UK,EE,Samsung,0.00,"Brand"
2023-02-19,EMEA,UK,EE,Google,0.00,"Brand"
2023-02-12,EMEA,UK,EE,Apple,41816.87,"Brand"
2023-02-12,EMEA,UK,EE,Oppo,13357.78,"Brand"
2023-02-12,EMEA,UK,EE,Samsung,69621.55,"Brand"
2023-02-12,EMEA,UK,EE,Google,0.00,"Brand"
2023-02-12,EMEA,UK,EE,Apple,0.00,"Brand"
2023-02-12,EMEA,UK,EE,Oppo,0.00,"Brand"
2023-02-12,EMEA,UK,EE,Samsung,0.00,"Brand"
2023-02-12,EMEA,UK,EE,Google,0.00,"Brand"
2023-02-05,EMEA,UK,EE,Apple,50821.90,"Brand"
2023-02-05,EMEA,UK,EE,Oppo,8211.22,"Brand"
2023-02-05,EMEA,UK,EE,Samsung,88343.99,"Brand"
2023-02-05,EMEA,UK,EE,Google,0.00,"Brand"
2023-02-05,EMEA,UK,EE,Apple,0.00,"Brand"
2023-02-05,EMEA,UK,EE,Oppo,0.00,"Brand"
2023-02-05,EMEA,UK,EE,Samsung,0.00,"Brand"
2023-02-05,EMEA,UK,EE,Google,0.00,"Brand"
2023-01-29,EMEA,UK,EE,Apple,52643.02,"Brand"
2023-01-29,EMEA,UK,EE,Oppo,5358.97,"Brand"
2023-01-29,EMEA,UK,EE,Samsung,106271.43,"Brand"
2023-01-29,EMEA,UK,EE,Google,0.00,"Brand"
2023-01-29,EMEA,UK,EE,Apple,0.00,"Brand"
2023-01-29,EMEA,UK,EE,Oppo,0.00,"Brand"
2023-01-29,EMEA,UK,EE,Samsung,0.00,"Brand"
2023-01-29,EMEA,UK,EE,Google,0.00,"Brand"
2023-01-22,EMEA,UK,EE,Apple,54631.35,"Brand"
2023-01-22,EMEA,UK,EE,Oppo,9931.25,"Brand"
2023-01-22,EMEA,UK,EE,Samsung,49585.73,"Brand"
2023-01-22,EMEA,UK,EE,Google,0.00,"Brand"
2023-01-22,EMEA,UK,EE,Apple,0.00,"Brand"
2023-01-22,EMEA,UK,EE,Oppo,0.00,"Brand"
2023-01-22,EMEA,UK,EE,Samsung,0.00,"Brand"
2023-01-22,EMEA,UK,EE,Google,0.00,"Brand"
2023-01-15,EMEA,UK,EE,Apple,50229.14,"Brand"
2023-01-15,EMEA,UK,EE,Oppo,20012.14,"Brand"
2023-01-15,EMEA,UK,EE,Samsung,67411.18,"Brand"
2023-01-15,EMEA,UK,EE,Google,0.00,"Brand"
2023-01-15,EMEA,UK,EE,Apple,0.00,"Brand"
2023-01-15,EMEA,UK,EE,Oppo,0.00,"Brand"
2023-01-15,EMEA,UK,EE,Samsung,0.00,"Brand"
2023-01-15,EMEA,UK,EE,Google,0.00,"Brand"
2023-01-08,EMEA,UK,EE,Apple,38840.83,"Brand"
2023-01-08,EMEA,UK,EE,Oppo,7152.84,"Brand"
2023-01-08,EMEA,UK,EE,Samsung,49428.41,"Brand"
2023-01-08,EMEA,UK,EE,Google,0.00,"Brand"
2023-01-08,EMEA,UK,EE,Apple,0.00,"Brand"
2023-01-08,EMEA,UK,EE,Oppo,0.00,"Brand"
2023-01-08,EMEA,UK,EE,Samsung,0.00,"Brand"
2023-01-08,EMEA,UK,EE,Google,0.00,"Brand"
2023-01-01,EMEA,UK,EE,Apple,79491.36,"Brand"
2023-01-01,EMEA,UK,EE,Oppo,9820.16,"Brand"
2023-01-01,EMEA,UK,EE,Samsung,60012.26,"Brand"
2023-01-01,EMEA,UK,EE,Google,0.00,"Brand"
2023-01-01,EMEA,UK,EE,Apple,0.00,"Brand"
2023-01-01,EMEA,UK,EE,Oppo,0.00,"Brand"
2023-01-01,EMEA,UK,EE,Samsung,0.00,"Brand"
2023-01-01,EMEA,UK,EE,Google,0.00,"Brand"
2022-12-25,EMEA,UK,EE,Apple,86732.35,"Brand"
2022-12-25,EMEA,UK,EE,Oppo,5320.38,"Brand"
2022-12-25,EMEA,UK,EE,Samsung,61125.95,"Brand"
2022-12-25,EMEA,UK,EE,Google,0.00,"Brand"
2022-12-25,EMEA,UK,EE,Apple,0.00,"Brand"
2022-12-25,EMEA,UK,EE,Oppo,0.00,"Brand"
2022-12-25,EMEA,UK,EE,Samsung,0.00,"Brand"
2022-12-25,EMEA,UK,EE,Google,0.00,"Brand"
2022-12-18,EMEA,UK,EE,Apple,69991.59,"Brand"
2022-12-18,EMEA,UK,EE,Oppo,3985.56,"Brand"
2022-12-18,EMEA,UK,EE,Samsung,72015.33,"Brand"
2022-12-18,EMEA,UK,EE,Google,0.00,"Brand"
2022-12-18,EMEA,UK,EE,Apple,0.00,"Brand"
2022-12-18,EMEA,UK,EE,Oppo,0.00,"Brand"
2022-12-18,EMEA,UK,EE,Samsung,0.00,"Brand"
2022-12-18,EMEA,UK,EE,Google,0.00,"Brand"
2022-12-11,EMEA,UK,EE,Apple,65936.51,"Brand"
2022-12-11,EMEA,UK,EE,Oppo,3508.34,"Brand"
2022-12-11,EMEA,UK,EE,Samsung,86456.44,"Brand"
2022-12-11,EMEA,UK,EE,Google,0.00,"Brand"
2022-12-11,EMEA,UK,EE,Apple,0.00,"Brand"
2022-12-11,EMEA,UK,EE,Oppo,0.00,"Brand"
2022-12-11,EMEA,UK,EE,Samsung,0.00,"Brand"
2022-12-11,EMEA,UK,EE,Google,0.00,"Brand"
2022-12-04,EMEA,UK,EE,Apple,61488.26,"Brand"
2022-12-04,EMEA,UK,EE,Oppo,14501.01,"Brand"
2022-12-04,EMEA,UK,EE,Samsung,71760.36,"Brand"
2022-12-04,EMEA,UK,EE,Google,0.00,"Brand"
2022-12-04,EMEA,UK,EE,Apple,0.00,"Brand"
2022-12-04,EMEA,UK,EE,Oppo,0.00,"Brand"
2022-12-04,EMEA,UK,EE,Samsung,0.00,"Brand"
2022-12-04,EMEA,UK,EE,Google,0.00,"Brand"
2022-11-27,EMEA,UK,EE,Apple,93763.94,"Brand"
2022-11-27,EMEA,UK,EE,Oppo,10776.78,"Brand"
2022-11-27,EMEA,UK,EE,Samsung,114439.16,"Brand"
2022-11-27,EMEA,UK,EE,Google,0.00,"Brand"
2022-11-27,EMEA,UK,EE,Apple,0.00,"Brand"
2022-11-27,EMEA,UK,EE,Oppo,0.00,"Brand"
2022-11-27,EMEA,UK,EE,Samsung,0.00,"Brand"
2022-11-27,EMEA,UK,EE,Google,0.00,"Brand"
2022-11-20,EMEA,UK,EE,Apple,90155.49,"Brand"
2022-11-20,EMEA,UK,EE,Oppo,10626.00,"Brand"
2022-11-20,EMEA,UK,EE,Samsung,120035.04,"Brand"
2022-11-20,EMEA,UK,EE,Google,0.00,"Brand"
2022-11-20,EMEA,UK,EE,Apple,0.00,"Brand"
2022-11-20,EMEA,UK,EE,Oppo,0.00,"Brand"
2022-11-20,EMEA,UK,EE,Samsung,0.00,"Brand"
2022-11-20,EMEA,UK,EE,Google,0.00,"Brand"
2022-11-13,EMEA,UK,EE,Apple,102843.83,"Brand"
2022-11-13,EMEA,UK,EE,Oppo,9134.66,"Brand"
2022-11-13,EMEA,UK,EE,Samsung,103993.94,"Brand"
2022-11-13,EMEA,UK,EE,Google,0.00,"Brand"
2022-11-13,EMEA,UK,EE,Apple,0.00,"Brand"
2022-11-13,EMEA,UK,EE,Oppo,0.00,"Brand"
2022-11-13,EMEA,UK,EE,Samsung,0.00,"Brand"
2022-11-13,EMEA,UK,EE,Google,0.00,"Brand"
2022-11-06,EMEA,UK,EE,Apple,101814.07,"Brand"
2022-11-06,EMEA,UK,EE,Oppo,4197.14,"Brand"
2022-11-06,EMEA,UK,EE,Samsung,102992.66,"Brand"
2022-11-06,EMEA,UK,EE,Google,0.00,"Brand"
2022-11-06,EMEA,UK,EE,Apple,0.00,"Brand"
2022-11-06,EMEA,UK,EE,Oppo,0.00,"Brand"
2022-11-06,EMEA,UK,EE,Samsung,0.00,"Brand"
2022-11-06,EMEA,UK,EE,Google,0.00,"Brand"
2022-10-30,EMEA,UK,EE,Apple,99530.52,"Brand"
2022-10-30,EMEA,UK,EE,Oppo,3998.59,"Brand"
2022-10-30,EMEA,UK,EE,Samsung,77190.20,"Brand"
2022-10-30,EMEA,UK,EE,Google,0.00,"Brand"
2022-10-30,EMEA,UK,EE,Apple,0.00,"Brand"
2022-10-30,EMEA,UK,EE,Oppo,0.00,"Brand"
2022-10-30,EMEA,UK,EE,Samsung,0.00,"Brand"
2022-10-30,EMEA,UK,EE,Google,0.00,"Brand"
2022-10-23,EMEA,UK,EE,Apple,114079.95,"Brand"
2022-10-23,EMEA,UK,EE,Oppo,6033.15,"Brand"
2022-10-23,EMEA,UK,EE,Samsung,85449.41,"Brand"
2022-10-23,EMEA,UK,EE,Google,0.00,"Brand"
2022-10-23,EMEA,UK,EE,Apple,0.00,"Brand"
2022-10-23,EMEA,UK,EE,Oppo,0.00,"Brand"
2022-10-23,EMEA,UK,EE,Samsung,0.00,"Brand"
2022-10-23,EMEA,UK,EE,Google,0.00,"Brand"
2022-10-16,EMEA,UK,EE,Apple,117641.61,"Brand"
2022-10-16,EMEA,UK,EE,Oppo,6357.75,"Brand"
2022-10-16,EMEA,UK,EE,Samsung,72264.73,"Brand"
2022-10-16,EMEA,UK,EE,Google,0.00,"Brand"
2022-10-16,EMEA,UK,EE,Apple,0.00,"Brand"
2022-10-16,EMEA,UK,EE,Oppo,0.00,"Brand"
2022-10-16,EMEA,UK,EE,Samsung,0.00,"Brand"
2022-10-16,EMEA,UK,EE,Google,0.00,"Brand"
2022-10-09,EMEA,UK,EE,Apple,112931.02,"Brand"
2022-10-09,EMEA,UK,EE,Oppo,25610.29,"Brand"
2022-10-09,EMEA,UK,EE,Samsung,63178.07,"Brand"
2022-10-09,EMEA,UK,EE,Google,0.00,"Brand"
2022-10-09,EMEA,UK,EE,Apple,0.00,"Brand"
2022-10-09,EMEA,UK,EE,Oppo,0.00,"Brand"
2022-10-09,EMEA,UK,EE,Samsung,0.00,"Brand"
2022-10-09,EMEA,UK,EE,Google,0.00,"Brand"
2022-10-02,EMEA,UK,EE,Apple,115087.65,"Brand"
2022-10-02,EMEA,UK,EE,Oppo,13476.52,"Brand"
2022-10-02,EMEA,UK,EE,Samsung,84483.27,"Brand"
2022-10-02,EMEA,UK,EE,Google,0.00,"Brand"
2022-10-02,EMEA,UK,EE,Apple,0.00,"Brand"
2022-10-02,EMEA,UK,EE,Oppo,0.00,"Brand"
2022-10-02,EMEA,UK,EE,Samsung,0.00,"Brand"
2022-10-02,EMEA,UK,EE,Google,0.00,"Brand"
2022-09-25,EMEA,UK,EE,Apple,121901.27,"Brand"
2022-09-25,EMEA,UK,EE,Oppo,18829.40,"Brand"
2022-09-25,EMEA,UK,EE,Samsung,92439.26,"Brand"
2022-09-25,EMEA,UK,EE,Google,0.00,"Brand"
2022-09-25,EMEA,UK,EE,Apple,0.00,"Brand"
2022-09-25,EMEA,UK,EE,Oppo,0.00,"Brand"
2022-09-25,EMEA,UK,EE,Samsung,0.00,"Brand"
2022-09-25,EMEA,UK,EE,Google,0.00,"Brand"
2022-09-18,EMEA,UK,EE,Apple,160013.50,"Brand"
2022-09-18,EMEA,UK,EE,Oppo,16117.54,"Brand"
2022-09-18,EMEA,UK,EE,Samsung,98208.14,"Brand"
2022-09-18,EMEA,UK,EE,Google,0.00,"Brand"
2022-09-18,EMEA,UK,EE,Apple,0.00,"Brand"
2022-09-18,EMEA,UK,EE,Oppo,0.00,"Brand"
2022-09-18,EMEA,UK,EE,Samsung,0.00,"Brand"
2022-09-18,EMEA,UK,EE,Google,0.00,"Brand"
2022-09-11,EMEA,UK,EE,Apple,205666.38,"Brand"
2022-09-11,EMEA,UK,EE,Oppo,16737.66,"Brand"
2022-09-11,EMEA,UK,EE,Samsung,110898.39,"Brand"
2022-09-11,EMEA,UK,EE,Google,0.00,"Brand"
2022-09-11,EMEA,UK,EE,Apple,0.00,"Brand"
2022-09-11,EMEA,UK,EE,Oppo,0.00,"Brand"
2022-09-11,EMEA,UK,EE,Samsung,0.00,"Brand"
2022-09-11,EMEA,UK,EE,Google,0.00,"Brand"
2022-09-04,EMEA,UK,EE,Apple,152007.41,"Brand"
2022-09-04,EMEA,UK,EE,Oppo,18967.26,"Brand"
2022-09-04,EMEA,UK,EE,Samsung,114704.75,"Brand"
2022-09-04,EMEA,UK,EE,Google,0.00,"Brand"
2022-09-04,EMEA,UK,EE,Apple,0.00,"Brand"
2022-09-04,EMEA,UK,EE,Oppo,0.00,"Brand"
2022-09-04,EMEA,UK,EE,Samsung,0.00,"Brand"
2022-09-04,EMEA,UK,EE,Google,0.00,"Brand"
2022-08-28,EMEA,UK,EE,Apple,75029.86,"Brand"
2022-08-28,EMEA,UK,EE,Oppo,18824.98,"Brand"
2022-08-28,EMEA,UK,EE,Samsung,97659.27,"Brand"
2022-08-28,EMEA,UK,EE,Google,0.00,"Brand"
2022-08-28,EMEA,UK,EE,Apple,0.00,"Brand"
2022-08-28,EMEA,UK,EE,Oppo,0.00,"Brand"
2022-08-28,EMEA,UK,EE,Samsung,0.00,"Brand"
2022-08-28,EMEA,UK,EE,Google,0.00,"Brand"
2022-08-21,EMEA,UK,EE,Apple,49706.55,"Brand"
2022-08-21,EMEA,UK,EE,Oppo,10194.97,"Brand"
2022-08-21,EMEA,UK,EE,Samsung,128875.71,"Brand"
2022-08-21,EMEA,UK,EE,Google,0.00,"Brand"
2022-08-21,EMEA,UK,EE,Apple,0.00,"Brand"
2022-08-21,EMEA,UK,EE,Oppo,0.00,"Brand"
2022-08-21,EMEA,UK,EE,Samsung,0.00,"Brand"
2022-08-21,EMEA,UK,EE,Google,0.00,"Brand"
2022-08-14,EMEA,UK,EE,Apple,57028.81,"Brand"
2022-08-14,EMEA,UK,EE,Oppo,5703.07,"Brand"
2022-08-14,EMEA,UK,EE,Samsung,94259.33,"Brand"
2022-08-14,EMEA,UK,EE,Google,0.00,"Brand"
2022-08-14,EMEA,UK,EE,Apple,0.00,"Brand"
2022-08-14,EMEA,UK,EE,Oppo,0.00,"Brand"
2022-08-14,EMEA,UK,EE,Samsung,0.00,"Brand"
2022-08-14,EMEA,UK,EE,Google,0.00,"Brand"
2022-08-07,EMEA,UK,EE,Apple,55712.62,"Brand"
2022-08-07,EMEA,UK,EE,Oppo,8374.38,"Brand"
2022-08-07,EMEA,UK,EE,Samsung,105071.30,"Brand"
2022-08-07,EMEA,UK,EE,Google,0.00,"Brand"
2022-08-07,EMEA,UK,EE,Apple,0.00,"Brand"
2022-08-07,EMEA,UK,EE,Oppo,0.00,"Brand"
2022-08-07,EMEA,UK,EE,Samsung,0.00,"Brand"
2022-08-07,EMEA,UK,EE,Google,0.00,"Brand"
2022-07-31,EMEA,UK,EE,Apple,59935.13,"Brand"
2022-07-31,EMEA,UK,EE,Oppo,12228.11,"Brand"
2022-07-31,EMEA,UK,EE,Samsung,94468.41,"Brand"
2022-07-31,EMEA,UK,EE,Google,0.00,"Brand"
2022-07-31,EMEA,UK,EE,Apple,0.00,"Brand"
2022-07-31,EMEA,UK,EE,Oppo,0.00,"Brand"
2022-07-31,EMEA,UK,EE,Samsung,0.00,"Brand"
2022-07-31,EMEA,UK,EE,Google,0.00,"Brand"
2022-07-24,EMEA,UK,EE,Apple,78824.27,"Brand"
2022-07-24,EMEA,UK,EE,Oppo,5536.01,"Brand"
2022-07-24,EMEA,UK,EE,Samsung,107337.60,"Brand"
2022-07-24,EMEA,UK,EE,Google,0.00,"Brand"
2022-07-24,EMEA,UK,EE,Apple,0.00,"Brand"
2022-07-24,EMEA,UK,EE,Oppo,0.00,"Brand"
2022-07-24,EMEA,UK,EE,Samsung,0.00,"Brand"
2022-07-24,EMEA,UK,EE,Google,0.00,"Brand"
2022-07-17,EMEA,UK,EE,Apple,55826.27,"Brand"
2022-07-17,EMEA,UK,EE,Oppo,7715.10,"Brand"
2022-07-17,EMEA,UK,EE,Samsung,75613.86,"Brand"
2022-07-17,EMEA,UK,EE,Google,0.00,"Brand"
2022-07-17,EMEA,UK,EE,Apple,0.00,"Brand"
2022-07-17,EMEA,UK,EE,Oppo,0.00,"Brand"
2022-07-17,EMEA,UK,EE,Samsung,0.00,"Brand"
2022-07-17,EMEA,UK,EE,Google,0.00,"Brand"
2022-07-10,EMEA,UK,EE,Apple,60765.11,"Brand"
2022-07-10,EMEA,UK,EE,Oppo,8247.73,"Brand"
2022-07-10,EMEA,UK,EE,Samsung,86798.31,"Brand"
2022-07-10,EMEA,UK,EE,Google,0.00,"Brand"
2022-07-10,EMEA,UK,EE,Apple,0.00,"Brand"
2022-07-10,EMEA,UK,EE,Oppo,0.00,"Brand"
2022-07-10,EMEA,UK,EE,Samsung,0.00,"Brand"
2022-07-10,EMEA,UK,EE,Google,0.00,"Brand"
2022-07-03,EMEA,UK,EE,Apple,86819.39,"Brand"
2022-07-03,EMEA,UK,EE,Oppo,6037.87,"Brand"
2022-07-03,EMEA,UK,EE,Samsung,88070.33,"Brand"
2022-07-03,EMEA,UK,EE,Google,0.00,"Brand"
2022-07-03,EMEA,UK,EE,Apple,0.00,"Brand"
2022-07-03,EMEA,UK,EE,Oppo,0.00,"Brand"
2022-07-03,EMEA,UK,EE,Samsung,0.00,"Brand"
2022-07-03,EMEA,UK,EE,Google,0.00,"Brand"
2022-06-26,EMEA,UK,EE,Apple,55357.27,"Brand"
2022-06-26,EMEA,UK,EE,Oppo,5707.25,"Brand"
2022-06-26,EMEA,UK,EE,Samsung,101206.97,"Brand"
2022-06-26,EMEA,UK,EE,Google,0.00,"Brand"
2022-06-26,EMEA,UK,EE,Apple,0.00,"Brand"
2022-06-26,EMEA,UK,EE,Oppo,0.00,"Brand"
2022-06-26,EMEA,UK,EE,Samsung,0.00,"Brand"
2022-06-26,EMEA,UK,EE,Google,0.00,"Brand"
2022-06-19,EMEA,UK,EE,Apple,55352.50,"Brand"
2022-06-19,EMEA,UK,EE,Oppo,9337.01,"Brand"
2022-06-19,EMEA,UK,EE,Samsung,122597.88,"Brand"
2022-06-19,EMEA,UK,EE,Google,0.00,"Brand"
2022-06-19,EMEA,UK,EE,Apple,0.00,"Brand"
2022-06-19,EMEA,UK,EE,Oppo,0.00,"Brand"
2022-06-19,EMEA,UK,EE,Samsung,0.00,"Brand"
2022-06-19,EMEA,UK,EE,Google,0.00,"Brand"
2022-06-12,EMEA,UK,EE,Apple,65918.19,"Brand"
2022-06-12,EMEA,UK,EE,Oppo,16103.70,"Brand"
2022-06-12,EMEA,UK,EE,Samsung,127293.55,"Brand"
2022-06-12,EMEA,UK,EE,Google,0.00,"Brand"
2022-06-12,EMEA,UK,EE,Apple,0.00,"Brand"
2022-06-12,EMEA,UK,EE,Oppo,0.00,"Brand"
2022-06-12,EMEA,UK,EE,Samsung,0.00,"Brand"
2022-06-12,EMEA,UK,EE,Google,0.00,"Brand"
2022-06-05,EMEA,UK,EE,Apple,52712.07,"Brand"
2022-06-05,EMEA,UK,EE,Oppo,15417.27,"Brand"
2022-06-05,EMEA,UK,EE,Samsung,122644.73,"Brand"
2022-06-05,EMEA,UK,EE,Google,0.00,"Brand"
2022-06-05,EMEA,UK,EE,Apple,0.00,"Brand"
2022-06-05,EMEA,UK,EE,Oppo,0.00,"Brand"
2022-06-05,EMEA,UK,EE,Samsung,0.00,"Brand"
2022-06-05,EMEA,UK,EE,Google,0.00,"Brand"
2022-05-29,EMEA,UK,EE,Apple,42870.72,"Brand"
2022-05-29,EMEA,UK,EE,Oppo,18527.27,"Brand"
2022-05-29,EMEA,UK,EE,Samsung,128594.50,"Brand"
2022-05-29,EMEA,UK,EE,Google,0.00,"Brand"
2022-05-29,EMEA,UK,EE,Apple,0.00,"Brand"
2022-05-29,EMEA,UK,EE,Oppo,0.00,"Brand"
2022-05-29,EMEA,UK,EE,Samsung,0.00,"Brand"
2022-05-29,EMEA,UK,EE,Google,0.00,"Brand"
2022-05-22,EMEA,UK,EE,Apple,46353.08,"Brand"
2022-05-22,EMEA,UK,EE,Oppo,10403.96,"Brand"
2022-05-22,EMEA,UK,EE,Samsung,112680.37,"Brand"
2022-05-22,EMEA,UK,EE,Google,0.00,"Brand"
2022-05-22,EMEA,UK,EE,Apple,0.00,"Brand"
2022-05-22,EMEA,UK,EE,Oppo,0.00,"Brand"
2022-05-22,EMEA,UK,EE,Samsung,0.00,"Brand"
2022-05-22,EMEA,UK,EE,Google,0.00,"Brand"
2022-05-15,EMEA,UK,EE,Apple,59509.13,"Brand"
2022-05-15,EMEA,UK,EE,Oppo,13446.37,"Brand"
2022-05-15,EMEA,UK,EE,Samsung,122908.66,"Brand"
2022-05-15,EMEA,UK,EE,Google,0.00,"Brand"
2022-05-15,EMEA,UK,EE,Apple,0.00,"Brand"
2022-05-15,EMEA,UK,EE,Oppo,0.00,"Brand"
2022-05-15,EMEA,UK,EE,Samsung,0.00,"Brand"
2022-05-15,EMEA,UK,EE,Google,0.00,"Brand"
2022-05-08,EMEA,UK,EE,Apple,54938.51,"Brand"
2022-05-08,EMEA,UK,EE,Oppo,23527.50,"Brand"
2022-05-08,EMEA,UK,EE,Samsung,104326.32,"Brand"
2022-05-08,EMEA,UK,EE,Google,0.00,"Brand"
2022-05-08,EMEA,UK,EE,Apple,0.00,"Brand"
2022-05-08,EMEA,UK,EE,Oppo,0.00,"Brand"
2022-05-08,EMEA,UK,EE,Samsung,0.00,"Brand"
2022-05-08,EMEA,UK,EE,Google,0.00,"Brand"
2022-05-01,EMEA,UK,EE,Apple,71611.30,"Brand"
2022-05-01,EMEA,UK,EE,Oppo,35651.45,"Brand"
2022-05-01,EMEA,UK,EE,Samsung,89080.45,"Brand"
2022-05-01,EMEA,UK,EE,Google,0.00,"Brand"
2022-05-01,EMEA,UK,EE,Apple,0.00,"Brand"
2022-05-01,EMEA,UK,EE,Oppo,0.00,"Brand"
2022-05-01,EMEA,UK,EE,Samsung,0.00,"Brand"
2022-05-01,EMEA,UK,EE,Google,0.00,"Brand"
2022-04-24,EMEA,UK,EE,Apple,58389.70,"Brand"
2022-04-24,EMEA,UK,EE,Oppo,17990.89,"Brand"
2022-04-24,EMEA,UK,EE,Samsung,78940.33,"Brand"
2022-04-24,EMEA,UK,EE,Google,0.00,"Brand"
2022-04-24,EMEA,UK,EE,Apple,0.00,"Brand"
2022-04-24,EMEA,UK,EE,Oppo,0.00,"Brand"
2022-04-24,EMEA,UK,EE,Samsung,0.00,"Brand"
2022-04-24,EMEA,UK,EE,Google,0.00,"Brand"
2022-04-17,EMEA,UK,EE,Apple,65479.28,"Brand"
2022-04-17,EMEA,UK,EE,Oppo,11665.87,"Brand"
2022-04-17,EMEA,UK,EE,Samsung,114733.36,"Brand"
2022-04-17,EMEA,UK,EE,Google,0.00,"Brand"
2022-04-17,EMEA,UK,EE,Apple,0.00,"Brand"
2022-04-17,EMEA,UK,EE,Oppo,0.00,"Brand"
2022-04-17,EMEA,UK,EE,Samsung,0.00,"Brand"
2022-04-17,EMEA,UK,EE,Google,0.00,"Brand"
2022-04-10,EMEA,UK,EE,Apple,54661.80,"Brand"
2022-04-10,EMEA,UK,EE,Oppo,25086.88,"Brand"
2022-04-10,EMEA,UK,EE,Samsung,119665.54,"Brand"
2022-04-10,EMEA,UK,EE,Google,0.00,"Brand"
2022-04-10,EMEA,UK,EE,Apple,0.00,"Brand"
2022-04-10,EMEA,UK,EE,Oppo,0.00,"Brand"
2022-04-10,EMEA,UK,EE,Samsung,0.00,"Brand"
2022-04-10,EMEA,UK,EE,Google,0.00,"Brand"
2022-04-03,EMEA,UK,EE,Apple,68683.27,"Brand"
2022-04-03,EMEA,UK,EE,Oppo,13760.72,"Brand"
2022-04-03,EMEA,UK,EE,Samsung,105663.15,"Brand"
2022-04-03,EMEA,UK,EE,Google,0.00,"Brand"
2022-04-03,EMEA,UK,EE,Apple,0.00,"Brand"
2022-04-03,EMEA,UK,EE,Oppo,0.00,"Brand"
2022-04-03,EMEA,UK,EE,Samsung,0.00,"Brand"
2022-04-03,EMEA,UK,EE,Google,0.00,"Brand"
2022-03-27,EMEA,UK,EE,Apple,59154.64,"Brand"
2022-03-27,EMEA,UK,EE,Oppo,20691.31,"Brand"
2022-03-27,EMEA,UK,EE,Samsung,80522.70,"Brand"
2022-03-27,EMEA,UK,EE,Google,0.00,"Brand"
2022-03-27,EMEA,UK,EE,Apple,0.00,"Brand"
2022-03-27,EMEA,UK,EE,Oppo,0.00,"Brand"
2022-03-27,EMEA,UK,EE,Samsung,0.00,"Brand"
2022-03-27,EMEA,UK,EE,Google,0.00,"Brand"
2022-03-20,EMEA,UK,EE,Apple,76101.84,"Brand"
2022-03-20,EMEA,UK,EE,Oppo,20980.57,"Brand"
2022-03-20,EMEA,UK,EE,Samsung,102495.63,"Brand"
2022-03-20,EMEA,UK,EE,Google,0.00,"Brand"
2022-03-20,EMEA,UK,EE,Apple,0.00,"Brand"
2022-03-20,EMEA,UK,EE,Oppo,0.00,"Brand"
2022-03-20,EMEA,UK,EE,Samsung,0.00,"Brand"
2022-03-20,EMEA,UK,EE,Google,0.00,"Brand"
2022-03-13,EMEA,UK,EE,Apple,75284.00,"Brand"
2022-03-13,EMEA,UK,EE,Oppo,40321.16,"Brand"
2022-03-13,EMEA,UK,EE,Samsung,128112.53,"Brand"
2022-03-13,EMEA,UK,EE,Google,0.00,"Brand"
2022-03-13,EMEA,UK,EE,Apple,0.00,"Brand"
2022-03-13,EMEA,UK,EE,Oppo,0.00,"Brand"
2022-03-13,EMEA,UK,EE,Samsung,0.00,"Brand"
2022-03-13,EMEA,UK,EE,Google,0.00,"Brand"
2022-03-06,EMEA,UK,EE,Apple,65997.31,"Brand"
2022-03-06,EMEA,UK,EE,Oppo,12365.42,"Brand"
2022-03-06,EMEA,UK,EE,Samsung,148424.61,"Brand"
2022-03-06,EMEA,UK,EE,Google,0.00,"Brand"
2022-03-06,EMEA,UK,EE,Apple,0.00,"Brand"
2022-03-06,EMEA,UK,EE,Oppo,0.00,"Brand"
2022-03-06,EMEA,UK,EE,Samsung,0.00,"Brand"
2022-03-06,EMEA,UK,EE,Google,0.00,"Brand"
2022-02-27,EMEA,UK,EE,Apple,60745.75,"Brand"
2022-02-27,EMEA,UK,EE,Oppo,6291.69,"Brand"
2022-02-27,EMEA,UK,EE,Samsung,131956.22,"Brand"
2022-02-27,EMEA,UK,EE,Google,0.00,"Brand"
2022-02-27,EMEA,UK,EE,Apple,0.00,"Brand"
2022-02-27,EMEA,UK,EE,Oppo,0.00,"Brand"
2022-02-27,EMEA,UK,EE,Samsung,0.00,"Brand"
2022-02-27,EMEA,UK,EE,Google,0.00,"Brand"
2022-02-20,EMEA,UK,EE,Apple,64225.04,"Brand"
2022-02-20,EMEA,UK,EE,Oppo,4690.28,"Brand"
2022-02-20,EMEA,UK,EE,Samsung,212296.19,"Brand"
2022-02-20,EMEA,UK,EE,Google,0.00,"Brand"
2022-02-20,EMEA,UK,EE,Apple,0.00,"Brand"
2022-02-20,EMEA,UK,EE,Oppo,0.00,"Brand"
2022-02-20,EMEA,UK,EE,Samsung,0.00,"Brand"
2022-02-20,EMEA,UK,EE,Google,0.00,"Brand"
2022-02-13,EMEA,UK,EE,Apple,91864.52,"Brand"
2022-02-13,EMEA,UK,EE,Oppo,10782.37,"Brand"
2022-02-13,EMEA,UK,EE,Samsung,185196.72,"Brand"
2022-02-13,EMEA,UK,EE,Google,0.00,"Brand"
2022-02-13,EMEA,UK,EE,Apple,0.00,"Brand"
2022-02-13,EMEA,UK,EE,Oppo,0.00,"Brand"
2022-02-13,EMEA,UK,EE,Samsung,0.00,"Brand"
2022-02-13,EMEA,UK,EE,Google,0.00,"Brand"
2022-02-06,EMEA,UK,EE,Apple,82094.77,"Brand"
2022-02-06,EMEA,UK,EE,Oppo,11480.33,"Brand"
2022-02-06,EMEA,UK,EE,Samsung,232451.44,"Brand"
2022-02-06,EMEA,UK,EE,Google,0.00,"Brand"
2022-02-06,EMEA,UK,EE,Apple,0.00,"Brand"
2022-02-06,EMEA,UK,EE,Oppo,0.00,"Brand"
2022-02-06,EMEA,UK,EE,Samsung,0.00,"Brand"
2022-02-06,EMEA,UK,EE,Google,0.00,"Brand"
2022-01-30,EMEA,UK,EE,Apple,80234.35,"Brand"
2022-01-30,EMEA,UK,EE,Oppo,15833.32,"Brand"
2022-01-30,EMEA,UK,EE,Samsung,89849.63,"Brand"
2022-01-30,EMEA,UK,EE,Google,0.00,"Brand"
2022-01-30,EMEA,UK,EE,Apple,0.00,"Brand"
2022-01-30,EMEA,UK,EE,Oppo,0.00,"Brand"
2022-01-30,EMEA,UK,EE,Samsung,0.00,"Brand"
2022-01-30,EMEA,UK,EE,Google,0.00,"Brand"
2022-01-23,EMEA,UK,EE,Apple,68066.31,"Brand"
2022-01-23,EMEA,UK,EE,Oppo,7986.21,"Brand"
2022-01-23,EMEA,UK,EE,Samsung,135083.70,"Brand"
2022-01-23,EMEA,UK,EE,Google,0.00,"Brand"
2022-01-23,EMEA,UK,EE,Apple,0.00,"Brand"
2022-01-23,EMEA,UK,EE,Oppo,0.00,"Brand"
2022-01-23,EMEA,UK,EE,Samsung,0.00,"Brand"
2022-01-23,EMEA,UK,EE,Google,0.00,"Brand"
2022-01-16,EMEA,UK,EE,Apple,70034.15,"Brand"
2022-01-16,EMEA,UK,EE,Oppo,8734.58,"Brand"
2022-01-16,EMEA,UK,EE,Samsung,105823.34,"Brand"
2022-01-16,EMEA,UK,EE,Google,0.00,"Brand"
2022-01-16,EMEA,UK,EE,Apple,0.00,"Brand"
2022-01-16,EMEA,UK,EE,Oppo,0.00,"Brand"
2022-01-16,EMEA,UK,EE,Samsung,0.00,"Brand"
2022-01-16,EMEA,UK,EE,Google,0.00,"Brand"
2022-01-09,EMEA,UK,EE,Apple,84091.76,"Brand"
2022-01-09,EMEA,UK,EE,Oppo,11922.47,"Brand"
2022-01-09,EMEA,UK,EE,Samsung,143827.53,"Brand"
2022-01-09,EMEA,UK,EE,Google,0.00,"Brand"
2022-01-09,EMEA,UK,EE,Apple,0.00,"Brand"
2022-01-09,EMEA,UK,EE,Oppo,0.00,"Brand"
2022-01-09,EMEA,UK,EE,Samsung,0.00,"Brand"
2022-01-09,EMEA,UK,EE,Google,0.00,"Brand"
2022-01-02,EMEA,UK,EE,Apple,82198.78,"Brand"
2022-01-02,EMEA,UK,EE,Oppo,8221.06,"Brand"
2022-01-02,EMEA,UK,EE,Samsung,131094.38,"Brand"
2022-01-02,EMEA,UK,EE,Google,0.00,"Brand"
2022-01-02,EMEA,UK,EE,Apple,0.00,"Brand"
2022-01-02,EMEA,UK,EE,Oppo,0.00,"Brand"
2022-01-02,EMEA,UK,EE,Samsung,0.00,"Brand"
2022-01-02,EMEA,UK,EE,Google,0.00,"Brand"
2021-12-26,EMEA,UK,EE,Apple,101806.85,"Brand"
2021-12-26,EMEA,UK,EE,Oppo,11768.63,"Brand"
2021-12-26,EMEA,UK,EE,Samsung,94818.53,"Brand"
2021-12-26,EMEA,UK,EE,Google,0.00,"Brand"
2021-12-26,EMEA,UK,EE,Apple,0.00,"Brand"
2021-12-26,EMEA,UK,EE,Oppo,0.00,"Brand"
2021-12-26,EMEA,UK,EE,Samsung,0.00,"Brand"
2021-12-26,EMEA,UK,EE,Google,0.00,"Brand"
2021-12-19,EMEA,UK,EE,Apple,75618.04,"Brand"
2021-12-19,EMEA,UK,EE,Oppo,5300.18,"Brand"
2021-12-19,EMEA,UK,EE,Samsung,61704.25,"Brand"
2021-12-19,EMEA,UK,EE,Google,0.00,"Brand"
2021-12-19,EMEA,UK,EE,Apple,0.00,"Brand"
2021-12-19,EMEA,UK,EE,Oppo,0.00,"Brand"
2021-12-19,EMEA,UK,EE,Samsung,0.00,"Brand"
2021-12-19,EMEA,UK,EE,Google,0.00,"Brand"
2021-12-12,EMEA,UK,EE,Apple,86380.35,"Brand"
2021-12-12,EMEA,UK,EE,Oppo,13540.76,"Brand"
2021-12-12,EMEA,UK,EE,Samsung,59350.69,"Brand"
2021-12-12,EMEA,UK,EE,Google,0.00,"Brand"
2021-12-12,EMEA,UK,EE,Apple,0.00,"Brand"
2021-12-12,EMEA,UK,EE,Oppo,0.00,"Brand"
2021-12-12,EMEA,UK,EE,Samsung,0.00,"Brand"
2021-12-12,EMEA,UK,EE,Google,0.00,"Brand"
2021-12-05,EMEA,UK,EE,Apple,97949.22,"Brand"
2021-12-05,EMEA,UK,EE,Oppo,22090.18,"Brand"
2021-12-05,EMEA,UK,EE,Samsung,88008.59,"Brand"
2021-12-05,EMEA,UK,EE,Google,0.00,"Brand"
2021-12-05,EMEA,UK,EE,Apple,0.00,"Brand"
2021-12-05,EMEA,UK,EE,Oppo,0.00,"Brand"
2021-12-05,EMEA,UK,EE,Samsung,0.00,"Brand"
2021-12-05,EMEA,UK,EE,Google,0.00,"Brand"
2021-11-28,EMEA,UK,EE,Apple,169416.09,"Brand"
2021-11-28,EMEA,UK,EE,Oppo,26844.55,"Brand"
2021-11-28,EMEA,UK,EE,Samsung,183596.61,"Brand"
2021-11-28,EMEA,UK,EE,Google,0.00,"Brand"
2021-11-28,EMEA,UK,EE,Apple,0.00,"Brand"
2021-11-28,EMEA,UK,EE,Oppo,0.00,"Brand"
2021-11-28,EMEA,UK,EE,Samsung,0.00,"Brand"
2021-11-28,EMEA,UK,EE,Google,0.00,"Brand"
2021-11-21,EMEA,UK,EE,Apple,235170.73,"Brand"
2021-11-21,EMEA,UK,EE,Oppo,20985.90,"Brand"
2021-11-21,EMEA,UK,EE,Samsung,179979.08,"Brand"
2021-11-21,EMEA,UK,EE,Google,0.00,"Brand"
2021-11-21,EMEA,UK,EE,Apple,0.00,"Brand"
2021-11-21,EMEA,UK,EE,Oppo,0.00,"Brand"
2021-11-21,EMEA,UK,EE,Samsung,0.00,"Brand"
2021-11-21,EMEA,UK,EE,Google,0.00,"Brand"
2021-11-14,EMEA,UK,EE,Apple,137927.80,"Brand"
2021-11-14,EMEA,UK,EE,Oppo,30677.79,"Brand"
2021-11-14,EMEA,UK,EE,Samsung,124796.94,"Brand"
2021-11-14,EMEA,UK,EE,Google,0.00,"Brand"
2021-11-14,EMEA,UK,EE,Apple,0.00,"Brand"
2021-11-14,EMEA,UK,EE,Oppo,0.00,"Brand"
2021-11-14,EMEA,UK,EE,Samsung,0.00,"Brand"
2021-11-14,EMEA,UK,EE,Google,0.00,"Brand"
2021-11-07,EMEA,UK,EE,Apple,112309.48,"Brand"
2021-11-07,EMEA,UK,EE,Oppo,21627.28,"Brand"
2021-11-07,EMEA,UK,EE,Samsung,92747.14,"Brand"
2021-11-07,EMEA,UK,EE,Google,0.00,"Brand"
2021-11-07,EMEA,UK,EE,Apple,0.00,"Brand"
2021-11-07,EMEA,UK,EE,Oppo,0.00,"Brand"
2021-11-07,EMEA,UK,EE,Samsung,0.00,"Brand"
2021-11-07,EMEA,UK,EE,Google,0.00,"Brand"
2021-10-31,EMEA,UK,EE,Apple,143859.23,"Brand"
2021-10-31,EMEA,UK,EE,Oppo,17588.92,"Brand"
2021-10-31,EMEA,UK,EE,Samsung,93129.14,"Brand"
2021-10-31,EMEA,UK,EE,Google,0.00,"Brand"
2021-10-31,EMEA,UK,EE,Apple,0.00,"Brand"
2021-10-31,EMEA,UK,EE,Oppo,0.00,"Brand"
2021-10-31,EMEA,UK,EE,Samsung,0.00,"Brand"
2021-10-31,EMEA,UK,EE,Google,0.00,"Brand"
2021-10-24,EMEA,UK,EE,Apple,147773.08,"Brand"
2021-10-24,EMEA,UK,EE,Oppo,11125.71,"Brand"
2021-10-24,EMEA,UK,EE,Samsung,97454.34,"Brand"
2021-10-24,EMEA,UK,EE,Google,0.00,"Brand"
2021-10-24,EMEA,UK,EE,Apple,0.00,"Brand"
2021-10-24,EMEA,UK,EE,Oppo,0.00,"Brand"
2021-10-24,EMEA,UK,EE,Samsung,0.00,"Brand"
2021-10-24,EMEA,UK,EE,Google,0.00,"Brand"
2021-10-17,EMEA,UK,EE,Apple,158102.58,"Brand"
2021-10-17,EMEA,UK,EE,Oppo,11399.51,"Brand"
2021-10-17,EMEA,UK,EE,Samsung,123949.41,"Brand"
2021-10-17,EMEA,UK,EE,Google,0.00,"Brand"
2021-10-17,EMEA,UK,EE,Apple,0.00,"Brand"
2021-10-17,EMEA,UK,EE,Oppo,0.00,"Brand"
2021-10-17,EMEA,UK,EE,Samsung,0.00,"Brand"
2021-10-17,EMEA,UK,EE,Google,0.00,"Brand"
2021-10-10,EMEA,UK,EE,Apple,155291.09,"Brand"
2021-10-10,EMEA,UK,EE,Oppo,7600.87,"Brand"
2021-10-10,EMEA,UK,EE,Samsung,115138.64,"Brand"
2021-10-10,EMEA,UK,EE,Google,0.00,"Brand"
2021-10-10,EMEA,UK,EE,Apple,0.00,"Brand"
2021-10-10,EMEA,UK,EE,Oppo,0.00,"Brand"
2021-10-10,EMEA,UK,EE,Samsung,0.00,"Brand"
2021-10-10,EMEA,UK,EE,Google,0.00,"Brand"
2021-10-03,EMEA,UK,EE,Apple,175976.84,"Brand"
2021-10-03,EMEA,UK,EE,Oppo,5312.40,"Brand"
2021-10-03,EMEA,UK,EE,Samsung,127342.71,"Brand"
2021-10-03,EMEA,UK,EE,Google,0.00,"Brand"
2021-10-03,EMEA,UK,EE,Apple,0.00,"Brand"
2021-10-03,EMEA,UK,EE,Oppo,0.00,"Brand"
2021-10-03,EMEA,UK,EE,Samsung,0.00,"Brand"
2021-10-03,EMEA,UK,EE,Google,0.00,"Brand"
2021-09-26,EMEA,UK,EE,Apple,228486.39,"Brand"
2021-09-26,EMEA,UK,EE,Oppo,3020.28,"Brand"
2021-09-26,EMEA,UK,EE,Samsung,166759.70,"Brand"
2021-09-26,EMEA,UK,EE,Google,0.00,"Brand"
2021-09-26,EMEA,UK,EE,Apple,0.00,"Brand"
2021-09-26,EMEA,UK,EE,Oppo,0.00,"Brand"
2021-09-26,EMEA,UK,EE,Samsung,0.00,"Brand"
2021-09-26,EMEA,UK,EE,Google,0.00,"Brand"
2021-09-19,EMEA,UK,EE,Apple,238247.20,"Brand"
2021-09-19,EMEA,UK,EE,Oppo,9452.24,"Brand"
2021-09-19,EMEA,UK,EE,Samsung,172201.36,"Brand"
2021-09-19,EMEA,UK,EE,Google,0.00,"Brand"
2021-09-19,EMEA,UK,EE,Apple,0.00,"Brand"
2021-09-19,EMEA,UK,EE,Oppo,0.00,"Brand"
2021-09-19,EMEA,UK,EE,Samsung,0.00,"Brand"
2021-09-19,EMEA,UK,EE,Google,0.00,"Brand"
2021-09-12,EMEA,UK,EE,Apple,178084.06,"Brand"
2021-09-12,EMEA,UK,EE,Oppo,15398.31,"Brand"
2021-09-12,EMEA,UK,EE,Samsung,174652.72,"Brand"
2021-09-12,EMEA,UK,EE,Google,0.00,"Brand"
2021-09-12,EMEA,UK,EE,Apple,0.00,"Brand"
2021-09-12,EMEA,UK,EE,Oppo,0.00,"Brand"
2021-09-12,EMEA,UK,EE,Samsung,0.00,"Brand"
2021-09-12,EMEA,UK,EE,Google,0.00,"Brand"
2021-09-05,EMEA,UK,EE,Apple,76131.23,"Brand"
2021-09-05,EMEA,UK,EE,Oppo,4338.58,"Brand"
2021-09-05,EMEA,UK,EE,Samsung,163338.98,"Brand"
2021-09-05,EMEA,UK,EE,Google,0.00,"Brand"
2021-09-05,EMEA,UK,EE,Apple,0.00,"Brand"
2021-09-05,EMEA,UK,EE,Oppo,0.00,"Brand"
2021-09-05,EMEA,UK,EE,Samsung,0.00,"Brand"
2021-09-05,EMEA,UK,EE,Google,0.00,"Brand"
2021-08-29,EMEA,UK,EE,Apple,75981.11,"Brand"
2021-08-29,EMEA,UK,EE,Oppo,10123.58,"Brand"
2021-08-29,EMEA,UK,EE,Samsung,185667.89,"Brand"
2021-08-29,EMEA,UK,EE,Google,0.00,"Brand"
2021-08-29,EMEA,UK,EE,Apple,0.00,"Brand"
2021-08-29,EMEA,UK,EE,Oppo,0.00,"Brand"
2021-08-29,EMEA,UK,EE,Samsung,0.00,"Brand"
2021-08-29,EMEA,UK,EE,Google,0.00,"Brand"
2021-08-22,EMEA,UK,EE,Apple,68302.04,"Brand"
2021-08-22,EMEA,UK,EE,Oppo,14299.57,"Brand"
2021-08-22,EMEA,UK,EE,Samsung,146774.75,"Brand"
2021-08-22,EMEA,UK,EE,Google,0.00,"Brand"
2021-08-22,EMEA,UK,EE,Apple,0.00,"Brand"
2021-08-22,EMEA,UK,EE,Oppo,0.00,"Brand"
2021-08-22,EMEA,UK,EE,Samsung,0.00,"Brand"
2021-08-22,EMEA,UK,EE,Google,0.00,"Brand"
2021-08-15,EMEA,UK,EE,Apple,65717.77,"Brand"
2021-08-15,EMEA,UK,EE,Oppo,12144.23,"Brand"
2021-08-15,EMEA,UK,EE,Samsung,147234.75,"Brand"
2021-08-15,EMEA,UK,EE,Google,0.00,"Brand"
2021-08-15,EMEA,UK,EE,Apple,0.00,"Brand"
2021-08-15,EMEA,UK,EE,Oppo,0.00,"Brand"
2021-08-15,EMEA,UK,EE,Samsung,0.00,"Brand"
2021-08-15,EMEA,UK,EE,Google,0.00,"Brand"
2021-08-08,EMEA,UK,EE,Apple,88724.98,"Brand"
2021-08-08,EMEA,UK,EE,Oppo,10910.59,"Brand"
2021-08-08,EMEA,UK,EE,Samsung,155971.84,"Brand"
2021-08-08,EMEA,UK,EE,Google,0.00,"Brand"
2021-08-08,EMEA,UK,EE,Apple,0.00,"Brand"
2021-08-08,EMEA,UK,EE,Oppo,0.00,"Brand"
2021-08-08,EMEA,UK,EE,Samsung,0.00,"Brand"
2021-08-08,EMEA,UK,EE,Google,0.00,"Brand"
2021-08-01,EMEA,UK,EE,Apple,70287.98,"Brand"
2021-08-01,EMEA,UK,EE,Oppo,15133.17,"Brand"
2021-08-01,EMEA,UK,EE,Samsung,63376.43,"Brand"
2021-08-01,EMEA,UK,EE,Google,0.00,"Brand"
2021-08-01,EMEA,UK,EE,Apple,0.00,"Brand"
2021-08-01,EMEA,UK,EE,Oppo,0.00,"Brand"
2021-08-01,EMEA,UK,EE,Samsung,0.00,"Brand"
2021-08-01,EMEA,UK,EE,Google,0.00,"Brand"
2021-07-25,EMEA,UK,EE,Apple,87343.09,"Brand"
2021-07-25,EMEA,UK,EE,Oppo,5081.05,"Brand"
2021-07-25,EMEA,UK,EE,Samsung,81784.48,"Brand"
2021-07-25,EMEA,UK,EE,Google,0.00,"Brand"
2021-07-25,EMEA,UK,EE,Apple,0.00,"Brand"
2021-07-25,EMEA,UK,EE,Oppo,0.00,"Brand"
2021-07-25,EMEA,UK,EE,Samsung,0.00,"Brand"
2021-07-25,EMEA,UK,EE,Google,0.00,"Brand"
2021-07-18,EMEA,UK,EE,Apple,47500.56,"Brand"
2021-07-18,EMEA,UK,EE,Oppo,9677.93,"Brand"
2021-07-18,EMEA,UK,EE,Samsung,87006.72,"Brand"
2021-07-18,EMEA,UK,EE,Google,0.00,"Brand"
2021-07-18,EMEA,UK,EE,Apple,0.00,"Brand"
2021-07-18,EMEA,UK,EE,Oppo,0.00,"Brand"
2021-07-18,EMEA,UK,EE,Samsung,0.00,"Brand"
2021-07-18,EMEA,UK,EE,Google,0.00,"Brand"
2021-07-11,EMEA,UK,EE,Apple,76393.61,"Brand"
2021-07-11,EMEA,UK,EE,Oppo,4522.28,"Brand"
2021-07-11,EMEA,UK,EE,Samsung,104108.28,"Brand"
2021-07-11,EMEA,UK,EE,Google,0.00,"Brand"
2021-07-11,EMEA,UK,EE,Apple,0.00,"Brand"
2021-07-11,EMEA,UK,EE,Oppo,0.00,"Brand"
2021-07-11,EMEA,UK,EE,Samsung,0.00,"Brand"
2021-07-11,EMEA,UK,EE,Google,0.00,"Brand"
2021-07-04,EMEA,UK,EE,Apple,78165.31,"Brand"
2021-07-04,EMEA,UK,EE,Oppo,4180.81,"Brand"
2021-07-04,EMEA,UK,EE,Samsung,123736.52,"Brand"
2021-07-04,EMEA,UK,EE,Google,0.00,"Brand"
2021-07-04,EMEA,UK,EE,Apple,0.00,"Brand"
2021-07-04,EMEA,UK,EE,Oppo,0.00,"Brand"
2021-07-04,EMEA,UK,EE,Samsung,0.00,"Brand"
2021-07-04,EMEA,UK,EE,Google,0.00,"Brand"
2021-06-27,EMEA,UK,EE,Apple,68088.55,"Brand"
2021-06-27,EMEA,UK,EE,Oppo,12740.08,"Brand"
2021-06-27,EMEA,UK,EE,Samsung,143001.77,"Brand"
2021-06-27,EMEA,UK,EE,Google,0.00,"Brand"
2021-06-27,EMEA,UK,EE,Apple,0.00,"Brand"
2021-06-27,EMEA,UK,EE,Oppo,0.00,"Brand"
2021-06-27,EMEA,UK,EE,Samsung,0.00,"Brand"
2021-06-27,EMEA,UK,EE,Google,0.00,"Brand"
2021-06-20,EMEA,UK,EE,Apple,64114.61,"Brand"
2021-06-20,EMEA,UK,EE,Oppo,3659.89,"Brand"
2021-06-20,EMEA,UK,EE,Samsung,150747.23,"Brand"
2021-06-20,EMEA,UK,EE,Google,0.00,"Brand"
2021-06-20,EMEA,UK,EE,Apple,0.00,"Brand"
2021-06-20,EMEA,UK,EE,Oppo,0.00,"Brand"
2021-06-20,EMEA,UK,EE,Samsung,0.00,"Brand"
2021-06-20,EMEA,UK,EE,Google,0.00,"Brand"
2021-06-13,EMEA,UK,EE,Apple,82748.90,"Brand"
2021-06-13,EMEA,UK,EE,Oppo,12969.42,"Brand"
2021-06-13,EMEA,UK,EE,Samsung,96693.29,"Brand"
2021-06-13,EMEA,UK,EE,Google,0.00,"Brand"
2021-06-13,EMEA,UK,EE,Apple,0.00,"Brand"
2021-06-13,EMEA,UK,EE,Oppo,0.00,"Brand"
2021-06-13,EMEA,UK,EE,Samsung,0.00,"Brand"
2021-06-13,EMEA,UK,EE,Google,0.00,"Brand"
2021-06-06,EMEA,UK,EE,Apple,60561.48,"Brand"
2021-06-06,EMEA,UK,EE,Oppo,10878.05,"Brand"
2021-06-06,EMEA,UK,EE,Samsung,151451.78,"Brand"
2021-06-06,EMEA,UK,EE,Google,0.00,"Brand"
2021-06-06,EMEA,UK,EE,Apple,0.00,"Brand"
2021-06-06,EMEA,UK,EE,Oppo,0.00,"Brand"
2021-06-06,EMEA,UK,EE,Samsung,0.00,"Brand"
2021-06-06,EMEA,UK,EE,Google,0.00,"Brand"
2021-05-30,EMEA,UK,EE,Apple,93598.71,"Brand"
2021-05-30,EMEA,UK,EE,Oppo,13219.82,"Brand"
2021-05-30,EMEA,UK,EE,Samsung,107743.48,"Brand"
2021-05-30,EMEA,UK,EE,Google,0.00,"Brand"
2021-05-30,EMEA,UK,EE,Apple,0.00,"Brand"
2021-05-30,EMEA,UK,EE,Oppo,0.00,"Brand"
2021-05-30,EMEA,UK,EE,Samsung,0.00,"Brand"
2021-05-30,EMEA,UK,EE,Google,0.00,"Brand"
2021-05-23,EMEA,UK,EE,Apple,64722.82,"Brand"
2021-05-23,EMEA,UK,EE,Oppo,9382.26,"Brand"
2021-05-23,EMEA,UK,EE,Samsung,88555.64,"Brand"
2021-05-23,EMEA,UK,EE,Google,0.00,"Brand"
2021-05-23,EMEA,UK,EE,Apple,0.00,"Brand"
2021-05-23,EMEA,UK,EE,Oppo,0.00,"Brand"
2021-05-23,EMEA,UK,EE,Samsung,0.00,"Brand"
2021-05-23,EMEA,UK,EE,Google,0.00,"Brand"
2021-05-16,EMEA,UK,EE,Apple,59880.58,"Brand"
2021-05-16,EMEA,UK,EE,Oppo,10892.08,"Brand"
2021-05-16,EMEA,UK,EE,Samsung,83138.08,"Brand"
2021-05-16,EMEA,UK,EE,Google,0.00,"Brand"
2021-05-16,EMEA,UK,EE,Apple,0.00,"Brand"
2021-05-16,EMEA,UK,EE,Oppo,0.00,"Brand"
2021-05-16,EMEA,UK,EE,Samsung,0.00,"Brand"
2021-05-16,EMEA,UK,EE,Google,0.00,"Brand"
2021-05-09,EMEA,UK,EE,Apple,75730.65,"Brand"
2021-05-09,EMEA,UK,EE,Oppo,11713.86,"Brand"
2021-05-09,EMEA,UK,EE,Samsung,105159.84,"Brand"
2021-05-09,EMEA,UK,EE,Google,0.00,"Brand"
2021-05-09,EMEA,UK,EE,Apple,0.00,"Brand"
2021-05-09,EMEA,UK,EE,Oppo,0.00,"Brand"
2021-05-09,EMEA,UK,EE,Samsung,0.00,"Brand"
2021-05-09,EMEA,UK,EE,Google,0.00,"Brand"
2021-05-02,EMEA,UK,EE,Apple,72583.91,"Brand"
2021-05-02,EMEA,UK,EE,Oppo,13989.15,"Brand"
2021-05-02,EMEA,UK,EE,Samsung,131349.72,"Brand"
2021-05-02,EMEA,UK,EE,Google,0.00,"Brand"
2021-05-02,EMEA,UK,EE,Apple,0.00,"Brand"
2021-05-02,EMEA,UK,EE,Oppo,0.00,"Brand"
2021-05-02,EMEA,UK,EE,Samsung,0.00,"Brand"
2021-05-02,EMEA,UK,EE,Google,0.00,"Brand"
2021-04-25,EMEA,UK,EE,Apple,83708.85,"Brand"
2021-04-25,EMEA,UK,EE,Oppo,20532.71,"Brand"
2021-04-25,EMEA,UK,EE,Samsung,117978.97,"Brand"
2021-04-25,EMEA,UK,EE,Google,0.00,"Brand"
2021-04-25,EMEA,UK,EE,Apple,0.00,"Brand"
2021-04-25,EMEA,UK,EE,Oppo,0.00,"Brand"
2021-04-25,EMEA,UK,EE,Samsung,0.00,"Brand"
2021-04-25,EMEA,UK,EE,Google,0.00,"Brand"
2021-04-18,EMEA,UK,EE,Apple,75725.54,"Brand"
2021-04-18,EMEA,UK,EE,Oppo,19614.40,"Brand"
2021-04-18,EMEA,UK,EE,Samsung,114898.95,"Brand"
2021-04-18,EMEA,UK,EE,Google,0.00,"Brand"
2021-04-18,EMEA,UK,EE,Apple,0.00,"Brand"
2021-04-18,EMEA,UK,EE,Oppo,0.00,"Brand"
2021-04-18,EMEA,UK,EE,Samsung,0.00,"Brand"
2021-04-18,EMEA,UK,EE,Google,0.00,"Brand"
2021-04-11,EMEA,UK,EE,Apple,93565.46,"Brand"
2021-04-11,EMEA,UK,EE,Oppo,31872.40,"Brand"
2021-04-11,EMEA,UK,EE,Samsung,159512.69,"Brand"
2021-04-11,EMEA,UK,EE,Google,0.00,"Brand"
2021-04-11,EMEA,UK,EE,Apple,0.00,"Brand"
2021-04-11,EMEA,UK,EE,Oppo,0.00,"Brand"
2021-04-11,EMEA,UK,EE,Samsung,0.00,"Brand"
2021-04-11,EMEA,UK,EE,Google,0.00,"Brand"
2021-04-04,EMEA,UK,EE,Apple,71831.54,"Brand"
2021-04-04,EMEA,UK,EE,Oppo,31580.07,"Brand"
2021-04-04,EMEA,UK,EE,Samsung,118342.06,"Brand"
2021-04-04,EMEA,UK,EE,Google,0.00,"Brand"
2021-04-04,EMEA,UK,EE,Apple,0.00,"Brand"
2021-04-04,EMEA,UK,EE,Oppo,0.00,"Brand"
2021-04-04,EMEA,UK,EE,Samsung,0.00,"Brand"
2021-04-04,EMEA,UK,EE,Google,0.00,"Brand"
2021-03-28,EMEA,UK,EE,Apple,59067.45,"Brand"
2021-03-28,EMEA,UK,EE,Oppo,25995.62,"Brand"
2021-03-28,EMEA,UK,EE,Samsung,146885.67,"Brand"
2021-03-28,EMEA,UK,EE,Google,0.00,"Brand"
2021-03-28,EMEA,UK,EE,Apple,0.00,"Brand"
2021-03-28,EMEA,UK,EE,Oppo,0.00,"Brand"
2021-03-28,EMEA,UK,EE,Samsung,0.00,"Brand"
2021-03-28,EMEA,UK,EE,Google,0.00,"Brand"
2021-03-21,EMEA,UK,EE,Apple,77413.52,"Brand"
2021-03-21,EMEA,UK,EE,Oppo,12349.52,"Brand"
2021-03-21,EMEA,UK,EE,Samsung,117184.05,"Brand"
2021-03-21,EMEA,UK,EE,Google,0.00,"Brand"
2021-03-21,EMEA,UK,EE,Apple,0.00,"Brand"
2021-03-21,EMEA,UK,EE,Oppo,0.00,"Brand"
2021-03-21,EMEA,UK,EE,Samsung,0.00,"Brand"
2021-03-21,EMEA,UK,EE,Google,0.00,"Brand"
2021-03-14,EMEA,UK,EE,Apple,82409.93,"Brand"
2021-03-14,EMEA,UK,EE,Oppo,9081.70,"Brand"
2021-03-14,EMEA,UK,EE,Samsung,129946.74,"Brand"
2021-03-14,EMEA,UK,EE,Google,0.00,"Brand"
2021-03-14,EMEA,UK,EE,Apple,0.00,"Brand"
2021-03-14,EMEA,UK,EE,Oppo,0.00,"Brand"
2021-03-14,EMEA,UK,EE,Samsung,0.00,"Brand"
2021-03-14,EMEA,UK,EE,Google,0.00,"Brand"
2021-03-07,EMEA,UK,EE,Apple,70909.93,"Brand"
2021-03-07,EMEA,UK,EE,Oppo,7253.25,"Brand"
2021-03-07,EMEA,UK,EE,Samsung,149400.91,"Brand"
2021-03-07,EMEA,UK,EE,Google,0.00,"Brand"
2021-03-07,EMEA,UK,EE,Apple,0.00,"Brand"
2021-03-07,EMEA,UK,EE,Oppo,0.00,"Brand"
2021-03-07,EMEA,UK,EE,Samsung,0.00,"Brand"
2021-03-07,EMEA,UK,EE,Google,0.00,"Brand"
2021-02-28,EMEA,UK,EE,Apple,71637.41,"Brand"
2021-02-28,EMEA,UK,EE,Oppo,7834.75,"Brand"
2021-02-28,EMEA,UK,EE,Samsung,132620.72,"Brand"
2021-02-28,EMEA,UK,EE,Google,0.00,"Brand"
2021-02-28,EMEA,UK,EE,Apple,0.00,"Brand"
2021-02-28,EMEA,UK,EE,Oppo,0.00,"Brand"
2021-02-28,EMEA,UK,EE,Samsung,0.00,"Brand"
2021-02-28,EMEA,UK,EE,Google,0.00,"Brand"
2021-02-21,EMEA,UK,EE,Apple,73835.94,"Brand"
2021-02-21,EMEA,UK,EE,Oppo,5828.47,"Brand"
2021-02-21,EMEA,UK,EE,Samsung,135859.88,"Brand"
2021-02-21,EMEA,UK,EE,Google,0.00,"Brand"
2021-02-21,EMEA,UK,EE,Apple,0.00,"Brand"
2021-02-21,EMEA,UK,EE,Oppo,0.00,"Brand"
2021-02-21,EMEA,UK,EE,Samsung,0.00,"Brand"
2021-02-21,EMEA,UK,EE,Google,0.00,"Brand"
2021-02-14,EMEA,UK,EE,Apple,73895.68,"Brand"
2021-02-14,EMEA,UK,EE,Oppo,6485.02,"Brand"
2021-02-14,EMEA,UK,EE,Samsung,154437.66,"Brand"
2021-02-14,EMEA,UK,EE,Google,0.00,"Brand"
2021-02-14,EMEA,UK,EE,Apple,0.00,"Brand"
2021-02-14,EMEA,UK,EE,Oppo,0.00,"Brand"
2021-02-14,EMEA,UK,EE,Samsung,0.00,"Brand"
2021-02-14,EMEA,UK,EE,Google,0.00,"Brand"
2021-02-07,EMEA,UK,EE,Apple,99853.90,"Brand"
2021-02-07,EMEA,UK,EE,Oppo,23533.05,"Brand"
2021-02-07,EMEA,UK,EE,Samsung,164948.84,"Brand"
2021-02-07,EMEA,UK,EE,Google,0.00,"Brand"
2021-02-07,EMEA,UK,EE,Apple,0.00,"Brand"
2021-02-07,EMEA,UK,EE,Oppo,0.00,"Brand"
2021-02-07,EMEA,UK,EE,Samsung,0.00,"Brand"
2021-02-07,EMEA,UK,EE,Google,0.00,"Brand"
2021-01-31,EMEA,UK,EE,Apple,111872.39,"Brand"
2021-01-31,EMEA,UK,EE,Oppo,14969.99,"Brand"
2021-01-31,EMEA,UK,EE,Samsung,192482.61,"Brand"
2021-01-31,EMEA,UK,EE,Google,0.00,"Brand"
2021-01-31,EMEA,UK,EE,Apple,0.00,"Brand"
2021-01-31,EMEA,UK,EE,Oppo,0.00,"Brand"
2021-01-31,EMEA,UK,EE,Samsung,0.00,"Brand"
2021-01-31,EMEA,UK,EE,Google,0.00,"Brand"
2021-01-24,EMEA,UK,EE,Apple,122238.81,"Brand"
2021-01-24,EMEA,UK,EE,Oppo,15356.72,"Brand"
2021-01-24,EMEA,UK,EE,Samsung,244742.75,"Brand"
2021-01-24,EMEA,UK,EE,Google,0.00,"Brand"
2021-01-24,EMEA,UK,EE,Apple,0.00,"Brand"
2021-01-24,EMEA,UK,EE,Oppo,0.00,"Brand"
2021-01-24,EMEA,UK,EE,Samsung,0.00,"Brand"
2021-01-24,EMEA,UK,EE,Google,0.00,"Brand"
2021-01-17,EMEA,UK,EE,Apple,110321.32,"Brand"
2021-01-17,EMEA,UK,EE,Oppo,4919.17,"Brand"
2021-01-17,EMEA,UK,EE,Samsung,215246.17,"Brand"
2021-01-17,EMEA,UK,EE,Google,0.00,"Brand"
2021-01-17,EMEA,UK,EE,Apple,0.00,"Brand"
2021-01-17,EMEA,UK,EE,Oppo,0.00,"Brand"
2021-01-17,EMEA,UK,EE,Samsung,0.00,"Brand"
2021-01-17,EMEA,UK,EE,Google,0.00,"Brand"
2021-01-10,EMEA,UK,EE,Apple,115263.04,"Brand"
2021-01-10,EMEA,UK,EE,Oppo,15743.33,"Brand"
2021-01-10,EMEA,UK,EE,Samsung,221337.02,"Brand"
2021-01-10,EMEA,UK,EE,Google,0.00,"Brand"
2021-01-10,EMEA,UK,EE,Apple,0.00,"Brand"
2021-01-10,EMEA,UK,EE,Oppo,0.00,"Brand"
2021-01-10,EMEA,UK,EE,Samsung,0.00,"Brand"
2021-01-10,EMEA,UK,EE,Google,0.00,"Brand"
2021-01-03,EMEA,UK,EE,Apple,124894.80,"Brand"
2021-01-03,EMEA,UK,EE,Oppo,9836.98,"Brand"
2021-01-03,EMEA,UK,EE,Samsung,148380.69,"Brand"
2021-01-03,EMEA,UK,EE,Google,0.00,"Brand"
2021-01-03,EMEA,UK,EE,Apple,0.00,"Brand"
2021-01-03,EMEA,UK,EE,Oppo,0.00,"Brand"
2021-01-03,EMEA,UK,EE,Samsung,0.00,"Brand"
2021-01-03,EMEA,UK,EE,Google,0.00,"Brand"
2020-12-27,EMEA,UK,EE,Apple,140705.17,"Brand"
2020-12-27,EMEA,UK,EE,Oppo,9571.10,"Brand"
2020-12-27,EMEA,UK,EE,Samsung,88051.26,"Brand"
2020-12-27,EMEA,UK,EE,Google,0.00,"Brand"
2020-12-27,EMEA,UK,EE,Apple,0.00,"Brand"
2020-12-27,EMEA,UK,EE,Oppo,0.00,"Brand"
2020-12-27,EMEA,UK,EE,Samsung,0.00,"Brand"
2020-12-27,EMEA,UK,EE,Google,0.00,"Brand"
2020-12-20,EMEA,UK,EE,Apple,172840.13,"Brand"
2020-12-20,EMEA,UK,EE,Oppo,9984.06,"Brand"
2020-12-20,EMEA,UK,EE,Samsung,101693.31,"Brand"
2020-12-20,EMEA,UK,EE,Google,0.00,"Brand"
2020-12-20,EMEA,UK,EE,Apple,0.00,"Brand"
2020-12-20,EMEA,UK,EE,Oppo,0.00,"Brand"
2020-12-20,EMEA,UK,EE,Samsung,0.00,"Brand"
2020-12-20,EMEA,UK,EE,Google,0.00,"Brand"
2020-12-13,EMEA,UK,EE,Apple,131705.72,"Brand"
2020-12-13,EMEA,UK,EE,Oppo,7542.15,"Brand"
2020-12-13,EMEA,UK,EE,Samsung,98546.70,"Brand"
2020-12-13,EMEA,UK,EE,Google,0.00,"Brand"
2020-12-13,EMEA,UK,EE,Apple,0.00,"Brand"
2020-12-13,EMEA,UK,EE,Oppo,0.00,"Brand"
2020-12-13,EMEA,UK,EE,Samsung,0.00,"Brand"
2020-12-13,EMEA,UK,EE,Google,0.00,"Brand"
2020-12-06,EMEA,UK,EE,Apple,158083.72,"Brand"
2020-12-06,EMEA,UK,EE,Oppo,5647.79,"Brand"
2020-12-06,EMEA,UK,EE,Samsung,99579.61,"Brand"
2020-12-06,EMEA,UK,EE,Google,0.00,"Brand"
2020-12-06,EMEA,UK,EE,Apple,0.00,"Brand"
2020-12-06,EMEA,UK,EE,Oppo,0.00,"Brand"
2020-12-06,EMEA,UK,EE,Samsung,0.00,"Brand"
2020-12-06,EMEA,UK,EE,Google,0.00,"Brand"
2020-11-29,EMEA,UK,EE,Apple,264570.72,"Brand"
2020-11-29,EMEA,UK,EE,Oppo,16058.96,"Brand"
2020-11-29,EMEA,UK,EE,Samsung,227079.23,"Brand"
2020-11-29,EMEA,UK,EE,Google,0.00,"Brand"
2020-11-29,EMEA,UK,EE,Apple,0.00,"Brand"
2020-11-29,EMEA,UK,EE,Oppo,0.00,"Brand"
2020-11-29,EMEA,UK,EE,Samsung,0.00,"Brand"
2020-11-29,EMEA,UK,EE,Google,0.00,"Brand"
2020-11-22,EMEA,UK,EE,Apple,380480.28,"Brand"
2020-11-22,EMEA,UK,EE,Oppo,61383.50,"Brand"
2020-11-22,EMEA,UK,EE,Samsung,333885.28,"Brand"
2020-11-22,EMEA,UK,EE,Google,0.00,"Brand"
2020-11-22,EMEA,UK,EE,Apple,0.00,"Brand"
2020-11-22,EMEA,UK,EE,Oppo,0.00,"Brand"
2020-11-22,EMEA,UK,EE,Samsung,0.00,"Brand"
2020-11-22,EMEA,UK,EE,Google,0.00,"Brand"
2020-11-15,EMEA,UK,EE,Apple,302870.16,"Brand"
2020-11-15,EMEA,UK,EE,Oppo,33927.26,"Brand"
2020-11-15,EMEA,UK,EE,Samsung,190841.09,"Brand"
2020-11-15,EMEA,UK,EE,Google,0.00,"Brand"
2020-11-15,EMEA,UK,EE,Apple,0.00,"Brand"
2020-11-15,EMEA,UK,EE,Oppo,0.00,"Brand"
2020-11-15,EMEA,UK,EE,Samsung,0.00,"Brand"
2020-11-15,EMEA,UK,EE,Google,0.00,"Brand"
2020-11-08,EMEA,UK,EE,Apple,283794.78,"Brand"
2020-11-08,EMEA,UK,EE,Oppo,26875.06,"Brand"
2020-11-08,EMEA,UK,EE,Samsung,154617.80,"Brand"
2020-11-08,EMEA,UK,EE,Google,0.00,"Brand"
2020-11-08,EMEA,UK,EE,Apple,0.00,"Brand"
2020-11-08,EMEA,UK,EE,Oppo,0.00,"Brand"
2020-11-08,EMEA,UK,EE,Samsung,0.00,"Brand"
2020-11-08,EMEA,UK,EE,Google,0.00,"Brand"
2020-11-01,EMEA,UK,EE,Apple,279409.63,"Brand"
2020-11-01,EMEA,UK,EE,Oppo,25512.20,"Brand"
2020-11-01,EMEA,UK,EE,Samsung,165805.69,"Brand"
2020-11-01,EMEA,UK,EE,Google,0.00,"Brand"
2020-11-01,EMEA,UK,EE,Apple,0.00,"Brand"
2020-11-01,EMEA,UK,EE,Oppo,0.00,"Brand"
2020-11-01,EMEA,UK,EE,Samsung,0.00,"Brand"
2020-11-01,EMEA,UK,EE,Google,0.00,"Brand"
